Workbook

Sheet DesignSheet
A1: Cycloidal Drive – SolidWorks Equation Generator (Epitrochoid + Roller Offset)
A3: Inputs
A4: Number of ring rollers (pins) | B4: N_pins | C4: 10 | D4: count
A5: Ring pitch circle diameter | B5: PCD | C5: 30 | D5: mm
A6: Roller (pin) diameter | B6: d_roller | C6: 3 | D6: mm
A7: Eccentricity | B7: E | C7: 0.75 | D7: mm
A8: Disc phase offset | B8: phi | C8: 0 | D8: deg (0 for disc1, 180 for disc2)
A9: Sample points per revolution | B9: n_pts | C9: 361 | D9: count
A11: Derived
A12: Tooth (lobe) count | B12: n | C12: =C4-1 -> 9 | D12: count
A13: Ring radius | B13: R | C13: =C5/2 -> 15 | D13: mm
A14: Pitch parameter (R/N_pins) | B14: p | C14: =(C5/2)/C4 -> 1.5 | D14: mm
A15: Nominal reduction ratio | B15: ratio | C15: =C4/(C4-1) -> 1.1111111 | D15: N/(N-1)
A16: Roller radius | B16: r_roller | C16: =C6/2 -> 1.5 | D16: mm
A17: Phi (rad) | B17: phi_rad | C17: =RADIANS(C8) -> 0 | D17: rad
A20: SolidWorks Equation Driven Curve (t in radians, 0→2π)
A21: x(t) = | B21: =_xlfn.CONCAT("(",C11,"*",C13,")*cos(t+",C16,") + ",C7,"*cos((",C11,"+1)*(t+",C16,")) - (",C6,"/2)*cos(atan( sin(",C11,"*(t+",C16,")) / ( cos(",C11,"*(t+",C16,")) + (",C11,"*",C13,")/(",C7,"*(",C11,"+1)) ) ) + (t+",C16,"))") -> (*15)*cos(t+1.5) + 0.75*cos((+1)*(t+1.5)) - (3/2)*cos(atan( sin(*(t+1.5)) / ( cos(*(t+1.5)) + (*15)/(0.75*(+1)) ) ) + (t+1.5))
A23: y(t) = | B23: =_xlfn.CONCAT("(",C11,"*",C13,")*sin(t+",C16,") + ",C7,"*sin((",C11,"+1)*(t+",C16,")) - (",C6,"/2)*sin(atan( sin(",C11,"*(t+",C16,")) / ( cos(",C11,"*(t+",C16,")) + (",C11,"*",C13,")/(",C7,"*(",C11,"+1)) ) ) + (t+",C16,"))") -> (*15)*sin(t+1.5) + 0.75*sin((+1)*(t+1.5)) - (3/2)*sin(atan( sin(*(t+1.5)) / ( cos(*(t+1.5)) + (*15)/(0.75*(+1)) ) ) + (t+1.5))
A25: Copy/paste into SolidWorks: | B25: Insert → Curve → Equation Driven Curve → Parametric; set t range 0 to 2*pi; set z(t)=0; paste x(t), y(t).

Sheet PointTable
A1: t (rad) | B1: x (mm) | C1: y (mm)
A2: =2*PI()*0/(DesignSheet!C9-1) -> 0 | B2: =(DesignSheet!C11*DesignSheet!C13)*COS((A2+DesignSheet!C16)) + (DesignSheet!C7)*COS((DesignSheet!C11+1)*(A2+DesignSheet!C16)) - (DesignSheet!C6/2)*COS(ATAN( SIN(DesignSheet!C11*(A2+DesignSheet!C16)) / ( COS(DesignSheet!C11*(A2+DesignSheet!C16)) + (DesignSheet!C11*DesignSheet!C13)/(DesignSheet!C7*(DesignSheet!C11+1)) ) )+(A2+DesignSheet!C16)) -> -0.053052901 | C2: =(DesignSheet!C11*DesignSheet!C13)*SIN((A2+DesignSheet!C16)) + (DesignSheet!C7)*SIN((DesignSheet!C11+1)*(A2+DesignSheet!C16)) - (DesignSheet!C6/2)*SIN(ATAN( SIN(DesignSheet!C11*(A2+DesignSheet!C16)) / ( COS(DesignSheet!C11*(A2+DesignSheet!C16)) + (DesignSheet!C11*DesignSheet!C13)/(DesignSheet!C7*(DesignSheet!C11+1)) ) )+(A2+DesignSheet!C16)) -> -0.74812124
A3: =2*PI()*1/(DesignSheet!C9-1) -> 0.017453293 | B3: =(DesignSheet!C11*DesignSheet!C13)*COS((A3+DesignSheet!C16)) + (DesignSheet!C7)*COS((DesignSheet!C11+1)*(A3+DesignSheet!C16)) - (DesignSheet!C6/2)*COS(ATAN( SIN(DesignSheet!C11*(A3+DesignSheet!C16)) / ( COS(DesignSheet!C11*(A3+DesignSheet!C16)) + (DesignSheet!C11*DesignSheet!C13)/(DesignSheet!C7*(DesignSheet!C11+1)) ) )+(A3+DesignSheet!C16)) -> -0.039988305 | C3: =(DesignSheet!C11*DesignSheet!C13)*SIN((A3+DesignSheet!C16)) + (DesignSheet!C7)*SIN((DesignSheet!C11+1)*(A3+DesignSheet!C16)) - (DesignSheet!C6/2)*SIN(ATAN( SIN(DesignSheet!C11*(A3+DesignSheet!C16)) / ( COS(DesignSheet!C11*(A3+DesignSheet!C16)) + (DesignSheet!C11*DesignSheet!C13)/(DesignSheet!C7*(DesignSheet!C11+1)) ) )+(A3+DesignSheet!C16)) -> -0.7489332
A4: =2*PI()*2/(DesignSheet!C9-1) -> 0.034906585 | B4: =(DesignSheet!C11*DesignSheet!C13)*COS((A4+DesignSheet!C16)) + (DesignSheet!C7)*COS((DesignSheet!C11+1)*(A4+DesignSheet!C16)) - (DesignSheet!C6/2)*COS(ATAN( SIN(DesignSheet!C11*(A4+DesignSheet!C16)) / ( COS(DesignSheet!C11*(A4+DesignSheet!C16)) + (DesignSheet!C11*DesignSheet!C13)/(DesignSheet!C7*(DesignSheet!C11+1)) ) )+(A4+DesignSheet!C16)) -> -0.026911528 | C4: =(DesignSheet!C11*DesignSheet!C13)*SIN((A4+DesignSheet!C16)) + (DesignSheet!C7)*SIN((DesignSheet!C11+1)*(A4+DesignSheet!C16)) - (DesignSheet!C6/2)*SIN(ATAN( SIN(DesignSheet!C11*(A4+DesignSheet!C16)) / ( COS(DesignSheet!C11*(A4+DesignSheet!C16)) + (DesignSheet!C11*DesignSheet!C13)/(DesignSheet!C7*(DesignSheet!C11+1)) ) )+(A4+DesignSheet!C16)) -> -0.74951702
A5: =2*PI()*3/(DesignSheet!C9-1) -> 0.052359878 | B5: =(DesignSheet!C11*DesignSheet!C13)*COS((A5+DesignSheet!C16)) + (DesignSheet!C7)*COS((DesignSheet!C11+1)*(A5+DesignSheet!C16)) - (DesignSheet!C6/2)*COS(ATAN( SIN(DesignSheet!C11*(A5+DesignSheet!C16)) / ( COS(DesignSheet!C11*(A5+DesignSheet!C16)) + (DesignSheet!C11*DesignSheet!C13)/(DesignSheet!C7*(DesignSheet!C11+1)) ) )+(A5+DesignSheet!C16)) -> -0.013826554 | C5: =(DesignSheet!C11*DesignSheet!C13)*SIN((A5+DesignSheet!C16)) + (DesignSheet!C7)*SIN((DesignSheet!C11+1)*(A5+DesignSheet!C16)) - (DesignSheet!C6/2)*SIN(ATAN( SIN(DesignSheet!C11*(A5+DesignSheet!C16)) / ( COS(DesignSheet!C11*(A5+DesignSheet!C16)) + (DesignSheet!C11*DesignSheet!C13)/(DesignSheet!C7*(DesignSheet!C11+1)) ) )+(A5+DesignSheet!C16)) -> -0.74987254
A6: =2*PI()*4/(DesignSheet!C9-1) -> 0.06981317 | B6: =(DesignSheet!C11*DesignSheet!C13)*COS((A6+DesignSheet!C16)) + (DesignSheet!C7)*COS((DesignSheet!C11+1)*(A6+DesignSheet!C16)) - (DesignSheet!C6/2)*COS(ATAN( SIN(DesignSheet!C11*(A6+DesignSheet!C16)) / ( COS(DesignSheet!C11*(A6+DesignSheet!C16)) + (DesignSheet!C11*DesignSheet!C13)/(DesignSheet!C7*(DesignSheet!C11+1)) ) )+(A6+DesignSheet!C16)) -> -0.00073736742 | C6: =(DesignSheet!C11*DesignSheet!C13)*SIN((A6+DesignSheet!C16)) + (DesignSheet!C7)*SIN((DesignSheet!C11+1)*(A6+DesignSheet!C16)) - (DesignSheet!C6/2)*SIN(ATAN( SIN(DesignSheet!C11*(A6+DesignSheet!C16)) / ( COS(DesignSheet!C11*(A6+DesignSheet!C16)) + (DesignSheet!C11*DesignSheet!C13)/(DesignSheet!C7*(DesignSheet!C11+1)) ) )+(A6+DesignSheet!C16)) -> -0.74999964
A7: =2*PI()*5/(DesignSheet!C9-1) -> 0.087266463 | B7: =(DesignSheet!C11*DesignSheet!C13)*COS((A7+DesignSheet!C16)) + (DesignSheet!C7)*COS((DesignSheet!C11+1)*(A7+DesignSheet!C16)) - (DesignSheet!C6/2)*COS(ATAN( SIN(DesignSheet!C11*(A7+DesignSheet!C16)) / ( COS(DesignSheet!C11*(A7+DesignSheet!C16)) + (DesignSheet!C11*DesignSheet!C13)/(DesignSheet!C7*(DesignSheet!C11+1)) ) )+(A7+DesignSheet!C16)) -> 0.012352043 | C7: =(DesignSheet!C11*DesignSheet!C13)*SIN((A7+DesignSheet!C16)) + (DesignSheet!C7)*SIN((DesignSheet!C11+1)*(A7+DesignSheet!C16)) - (DesignSheet!C6/2)*SIN(ATAN( SIN(DesignSheet!C11*(A7+DesignSheet!C16)) / ( COS(DesignSheet!C11*(A7+DesignSheet!C16)) + (DesignSheet!C11*DesignSheet!C13)/(DesignSheet!C7*(DesignSheet!C11+1)) ) )+(A7+DesignSheet!C16)) -> -0.74989828
A8: =2*PI()*6/(DesignSheet!C9-1) -> 0.10471976 | B8: =(DesignSheet!C11*DesignSheet!C13)*COS((A8+DesignSheet!C16)) + (DesignSheet!C7)*COS((DesignSheet!C11+1)*(A8+DesignSheet!C16)) - (DesignSheet!C6/2)*COS(ATAN( SIN(DesignSheet!C11*(A8+DesignSheet!C16)) / ( COS(DesignSheet!C11*(A8+DesignSheet!C16)) + (DesignSheet!C11*DesignSheet!C13)/(DesignSheet!C7*(DesignSheet!C11+1)) ) )+(A8+DesignSheet!C16)) -> 0.025437692 | C8: =(DesignSheet!C11*DesignSheet!C13)*SIN((A8+DesignSheet!C16)) + (DesignSheet!C7)*SIN((DesignSheet!C11+1)*(A8+DesignSheet!C16)) - (DesignSheet!C6/2)*SIN(ATAN( SIN(DesignSheet!C11*(A8+DesignSheet!C16)) / ( COS(DesignSheet!C11*(A8+DesignSheet!C16)) + (DesignSheet!C11*DesignSheet!C13)/(DesignSheet!C7*(DesignSheet!C11+1)) ) )+(A8+DesignSheet!C16)) -> -0.74956849
A9: =2*PI()*7/(DesignSheet!C9-1) -> 0.12217305 | B9: =(DesignSheet!C11*DesignSheet!C13)*COS((A9+DesignSheet!C16)) + (DesignSheet!C7)*COS((DesignSheet!C11+1)*(A9+DesignSheet!C16)) - (DesignSheet!C6/2)*COS(ATAN( SIN(DesignSheet!C11*(A9+DesignSheet!C16)) / ( COS(DesignSheet!C11*(A9+DesignSheet!C16)) + (DesignSheet!C11*DesignSheet!C13)/(DesignSheet!C7*(DesignSheet!C11+1)) ) )+(A9+DesignSheet!C16)) -> 0.038515591 | C9: =(DesignSheet!C11*DesignSheet!C13)*SIN((A9+DesignSheet!C16)) + (DesignSheet!C7)*SIN((DesignSheet!C11+1)*(A9+DesignSheet!C16)) - (DesignSheet!C6/2)*SIN(ATAN( SIN(DesignSheet!C11*(A9+DesignSheet!C16)) / ( COS(DesignSheet!C11*(A9+DesignSheet!C16)) + (DesignSheet!C11*DesignSheet!C13)/(DesignSheet!C7*(DesignSheet!C11+1)) ) )+(A9+DesignSheet!C16)) -> -0.74901038
A10: =2*PI()*8/(DesignSheet!C9-1) -> 0.13962634 | B10: =(DesignSheet!C11*DesignSheet!C13)*COS((A10+DesignSheet!C16)) + (DesignSheet!C7)*COS((DesignSheet!C11+1)*(A10+DesignSheet!C16)) - (DesignSheet!C6/2)*COS(ATAN( SIN(DesignSheet!C11*(A10+DesignSheet!C16)) / ( COS(DesignSheet!C11*(A10+DesignSheet!C16)) + (DesignSheet!C11*DesignSheet!C13)/(DesignSheet!C7*(DesignSheet!C11+1)) ) )+(A10+DesignSheet!C16)) -> 0.051581759 | C10: =(DesignSheet!C11*DesignSheet!C13)*SIN((A10+DesignSheet!C16)) + (DesignSheet!C7)*SIN((DesignSheet!C11+1)*(A10+DesignSheet!C16)) - (DesignSheet!C6/2)*SIN(ATAN( SIN(DesignSheet!C11*(A10+DesignSheet!C16)) / ( COS(DesignSheet!C11*(A10+DesignSheet!C16)) + (DesignSheet!C11*DesignSheet!C13)/(DesignSheet!C7*(DesignSheet!C11+1)) ) )+(A10+DesignSheet!C16)) -> -0.74822411
A11: =2*PI()*9/(DesignSheet!C9-1) -> 0.15707963 | B11: =(DesignSheet!C11*DesignSheet!C13)*COS((A11+DesignSheet!C16)) + (DesignSheet!C7)*COS((DesignSheet!C11+1)*(A11+DesignSheet!C16)) - (DesignSheet!C6/2)*COS(ATAN( SIN(DesignSheet!C11*(A11+DesignSheet!C16)) / ( COS(DesignSheet!C11*(A11+DesignSheet!C16)) + (DesignSheet!C11*DesignSheet!C13)/(DesignSheet!C7*(DesignSheet!C11+1)) ) )+(A11+DesignSheet!C16)) -> 0.064632214 | C11: =(DesignSheet!C11*DesignSheet!C13)*SIN((A11+DesignSheet!C16)) + (DesignSheet!C7)*SIN((DesignSheet!C11+1)*(A11+DesignSheet!C16)) - (DesignSheet!C6/2)*SIN(ATAN( SIN(DesignSheet!C11*(A11+DesignSheet!C16)) / ( COS(DesignSheet!C11*(A11+DesignSheet!C16)) + (DesignSheet!C11*DesignSheet!C13)/(DesignSheet!C7*(DesignSheet!C11+1)) ) )+(A11+DesignSheet!C16)) -> -0.74720993
A12: =2*PI()*10/(DesignSheet!C9-1) -> 0.17453293 | B12: =(DesignSheet!C11*DesignSheet!C13)*COS((A12+DesignSheet!C16)) + (DesignSheet!C7)*COS((DesignSheet!C11+1)*(A12+DesignSheet!C16)) - (DesignSheet!C6/2)*COS(ATAN( SIN(DesignSheet!C11*(A12+DesignSheet!C16)) / ( COS(DesignSheet!C11*(A12+DesignSheet!C16)) + (DesignSheet!C11*DesignSheet!C13)/(DesignSheet!C7*(DesignSheet!C11+1)) ) )+(A12+DesignSheet!C16)) -> 0.077662982 | C12: =(DesignSheet!C11*DesignSheet!C13)*SIN((A12+DesignSheet!C16)) + (DesignSheet!C7)*SIN((DesignSheet!C11+1)*(A12+DesignSheet!C16)) - (DesignSheet!C6/2)*SIN(ATAN( SIN(DesignSheet!C11*(A12+DesignSheet!C16)) / ( COS(DesignSheet!C11*(A12+DesignSheet!C16)) + (DesignSheet!C11*DesignSheet!C13)/(DesignSheet!C7*(DesignSheet!C11+1)) ) )+(A12+DesignSheet!C16)) -> -0.74596814
A13: =2*PI()*11/(DesignSheet!C9-1) -> 0.19198622 | B13: =(DesignSheet!C11*DesignSheet!C13)*COS((A13+DesignSheet!C16)) + (DesignSheet!C7)*COS((DesignSheet!C11+1)*(A13+DesignSheet!C16)) - (DesignSheet!C6/2)*COS(ATAN( SIN(DesignSheet!C11*(A13+DesignSheet!C16)) / ( COS(DesignSheet!C11*(A13+DesignSheet!C16)) + (DesignSheet!C11*DesignSheet!C13)/(DesignSheet!C7*(DesignSheet!C11+1)) ) )+(A13+DesignSheet!C16)) -> 0.090670092 | C13: =(DesignSheet!C11*DesignSheet!C13)*SIN((A13+DesignSheet!C16)) + (DesignSheet!C7)*SIN((DesignSheet!C11+1)*(A13+DesignSheet!C16)) - (DesignSheet!C6/2)*SIN(ATAN( SIN(DesignSheet!C11*(A13+DesignSheet!C16)) / ( COS(DesignSheet!C11*(A13+DesignSheet!C16)) + (DesignSheet!C11*DesignSheet!C13)/(DesignSheet!C7*(DesignSheet!C11+1)) ) )+(A13+DesignSheet!C16)) -> -0.74449912
A14: =2*PI()*12/(DesignSheet!C9-1) -> 0.20943951 | B14: =(DesignSheet!C11*DesignSheet!C13)*COS((A14+DesignSheet!C16)) + (DesignSheet!C7)*COS((DesignSheet!C11+1)*(A14+DesignSheet!C16)) - (DesignSheet!C6/2)*COS(ATAN( SIN(DesignSheet!C11*(A14+DesignSheet!C16)) / ( COS(DesignSheet!C11*(A14+DesignSheet!C16)) + (DesignSheet!C11*DesignSheet!C13)/(DesignSheet!C7*(DesignSheet!C11+1)) ) )+(A14+DesignSheet!C16)) -> 0.10364958 | C14: =(DesignSheet!C11*DesignSheet!C13)*SIN((A14+DesignSheet!C16)) + (DesignSheet!C7)*SIN((DesignSheet!C11+1)*(A14+DesignSheet!C16)) - (DesignSheet!C6/2)*SIN(ATAN( SIN(DesignSheet!C11*(A14+DesignSheet!C16)) / ( COS(DesignSheet!C11*(A14+DesignSheet!C16)) + (DesignSheet!C11*DesignSheet!C13)/(DesignSheet!C7*(DesignSheet!C11+1)) ) )+(A14+DesignSheet!C16)) -> -0.74280331
A15: =2*PI()*13/(DesignSheet!C9-1) -> 0.2268928 | B15: =(DesignSheet!C11*DesignSheet!C13)*COS((A15+DesignSheet!C16)) + (DesignSheet!C7)*COS((DesignSheet!C11+1)*(A15+DesignSheet!C16)) - (DesignSheet!C6/2)*COS(ATAN( SIN(DesignSheet!C11*(A15+DesignSheet!C16)) / ( COS(DesignSheet!C11*(A15+DesignSheet!C16)) + (DesignSheet!C11*DesignSheet!C13)/(DesignSheet!C7*(DesignSheet!C11+1)) ) )+(A15+DesignSheet!C16)) -> 0.1165975 | C15: =(DesignSheet!C11*DesignSheet!C13)*SIN((A15+DesignSheet!C16)) + (DesignSheet!C7)*SIN((DesignSheet!C11+1)*(A15+DesignSheet!C16)) - (DesignSheet!C6/2)*SIN(ATAN( SIN(DesignSheet!C11*(A15+DesignSheet!C16)) / ( COS(DesignSheet!C11*(A15+DesignSheet!C16)) + (DesignSheet!C11*DesignSheet!C13)/(DesignSheet!C7*(DesignSheet!C11+1)) ) )+(A15+DesignSheet!C16)) -> -0.74088125
A16: =2*PI()*14/(DesignSheet!C9-1) -> 0.2443461 | B16: =(DesignSheet!C11*DesignSheet!C13)*COS((A16+DesignSheet!C16)) + (DesignSheet!C7)*COS((DesignSheet!C11+1)*(A16+DesignSheet!C16)) - (DesignSheet!C6/2)*COS(ATAN( SIN(DesignSheet!C11*(A16+DesignSheet!C16)) / ( COS(DesignSheet!C11*(A16+DesignSheet!C16)) + (DesignSheet!C11*DesignSheet!C13)/(DesignSheet!C7*(DesignSheet!C11+1)) ) )+(A16+DesignSheet!C16)) -> 0.12950991 | C16: =(DesignSheet!C11*DesignSheet!C13)*SIN((A16+DesignSheet!C16)) + (DesignSheet!C7)*SIN((DesignSheet!C11+1)*(A16+DesignSheet!C16)) - (DesignSheet!C6/2)*SIN(ATAN( SIN(DesignSheet!C11*(A16+DesignSheet!C16)) / ( COS(DesignSheet!C11*(A16+DesignSheet!C16)) + (DesignSheet!C11*DesignSheet!C13)/(DesignSheet!C7*(DesignSheet!C11+1)) ) )+(A16+DesignSheet!C16)) -> -0.7387335
A17: =2*PI()*15/(DesignSheet!C9-1) -> 0.26179939 | B17: =(DesignSheet!C11*DesignSheet!C13)*COS((A17+DesignSheet!C16)) + (DesignSheet!C7)*COS((DesignSheet!C11+1)*(A17+DesignSheet!C16)) - (DesignSheet!C6/2)*COS(ATAN( SIN(DesignSheet!C11*(A17+DesignSheet!C16)) / ( COS(DesignSheet!C11*(A17+DesignSheet!C16)) + (DesignSheet!C11*DesignSheet!C13)/(DesignSheet!C7*(DesignSheet!C11+1)) ) )+(A17+DesignSheet!C16)) -> 0.14238286 | C17: =(DesignSheet!C11*DesignSheet!C13)*SIN((A17+DesignSheet!C16)) + (DesignSheet!C7)*SIN((DesignSheet!C11+1)*(A17+DesignSheet!C16)) - (DesignSheet!C6/2)*SIN(ATAN( SIN(DesignSheet!C11*(A17+DesignSheet!C16)) / ( COS(DesignSheet!C11*(A17+DesignSheet!C16)) + (DesignSheet!C11*DesignSheet!C13)/(DesignSheet!C7*(DesignSheet!C11+1)) ) )+(A17+DesignSheet!C16)) -> -0.73636073
A18: =2*PI()*16/(DesignSheet!C9-1) -> 0.27925268 | B18: =(DesignSheet!C11*DesignSheet!C13)*COS((A18+DesignSheet!C16)) + (DesignSheet!C7)*COS((DesignSheet!C11+1)*(A18+DesignSheet!C16)) - (DesignSheet!C6/2)*COS(ATAN( SIN(DesignSheet!C11*(A18+DesignSheet!C16)) / ( COS(DesignSheet!C11*(A18+DesignSheet!C16)) + (DesignSheet!C11*DesignSheet!C13)/(DesignSheet!C7*(DesignSheet!C11+1)) ) )+(A18+DesignSheet!C16)) -> 0.15521244 | C18: =(DesignSheet!C11*DesignSheet!C13)*SIN((A18+DesignSheet!C16)) + (DesignSheet!C7)*SIN((DesignSheet!C11+1)*(A18+DesignSheet!C16)) - (DesignSheet!C6/2)*SIN(ATAN( SIN(DesignSheet!C11*(A18+DesignSheet!C16)) / ( COS(DesignSheet!C11*(A18+DesignSheet!C16)) + (DesignSheet!C11*DesignSheet!C13)/(DesignSheet!C7*(DesignSheet!C11+1)) ) )+(A18+DesignSheet!C16)) -> -0.73376365
A19: =2*PI()*17/(DesignSheet!C9-1) -> 0.29670597 | B19: =(DesignSheet!C11*DesignSheet!C13)*COS((A19+DesignSheet!C16)) + (DesignSheet!C7)*COS((DesignSheet!C11+1)*(A19+DesignSheet!C16)) - (DesignSheet!C6/2)*COS(ATAN( SIN(DesignSheet!C11*(A19+DesignSheet!C16)) / ( COS(DesignSheet!C11*(A19+DesignSheet!C16)) + (DesignSheet!C11*DesignSheet!C13)/(DesignSheet!C7*(DesignSheet!C11+1)) ) )+(A19+DesignSheet!C16)) -> 0.16799474 | C19: =(DesignSheet!C11*DesignSheet!C13)*SIN((A19+DesignSheet!C16)) + (DesignSheet!C7)*SIN((DesignSheet!C11+1)*(A19+DesignSheet!C16)) - (DesignSheet!C6/2)*SIN(ATAN( SIN(DesignSheet!C11*(A19+DesignSheet!C16)) / ( COS(DesignSheet!C11*(A19+DesignSheet!C16)) + (DesignSheet!C11*DesignSheet!C13)/(DesignSheet!C7*(DesignSheet!C11+1)) ) )+(A19+DesignSheet!C16)) -> -0.73094307
A20: =2*PI()*18/(DesignSheet!C9-1) -> 0.31415927 | B20: =(DesignSheet!C11*DesignSheet!C13)*COS((A20+DesignSheet!C16)) + (DesignSheet!C7)*COS((DesignSheet!C11+1)*(A20+DesignSheet!C16)) - (DesignSheet!C6/2)*COS(ATAN( SIN(DesignSheet!C11*(A20+DesignSheet!C16)) / ( COS(DesignSheet!C11*(A20+DesignSheet!C16)) + (DesignSheet!C11*DesignSheet!C13)/(DesignSheet!C7*(DesignSheet!C11+1)) ) )+(A20+DesignSheet!C16)) -> 0.18072587 | C20: =(DesignSheet!C11*DesignSheet!C13)*SIN((A20+DesignSheet!C16)) + (DesignSheet!C7)*SIN((DesignSheet!C11+1)*(A20+DesignSheet!C16)) - (DesignSheet!C6/2)*SIN(ATAN( SIN(DesignSheet!C11*(A20+DesignSheet!C16)) / ( COS(DesignSheet!C11*(A20+DesignSheet!C16)) + (DesignSheet!C11*DesignSheet!C13)/(DesignSheet!C7*(DesignSheet!C11+1)) ) )+(A20+DesignSheet!C16)) -> -0.72789983
A21: =2*PI()*19/(DesignSheet!C9-1) -> 0.33161256 | B21: =(DesignSheet!C11*DesignSheet!C13)*COS((A21+DesignSheet!C16)) + (DesignSheet!C7)*COS((DesignSheet!C11+1)*(A21+DesignSheet!C16)) - (DesignSheet!C6/2)*COS(ATAN( SIN(DesignSheet!C11*(A21+DesignSheet!C16)) / ( COS(DesignSheet!C11*(A21+DesignSheet!C16)) + (DesignSheet!C11*DesignSheet!C13)/(DesignSheet!C7*(DesignSheet!C11+1)) ) )+(A21+DesignSheet!C16)) -> 0.19340195 | C21: =(DesignSheet!C11*DesignSheet!C13)*SIN((A21+DesignSheet!C16)) + (DesignSheet!C7)*SIN((DesignSheet!C11+1)*(A21+DesignSheet!C16)) - (DesignSheet!C6/2)*SIN(ATAN( SIN(DesignSheet!C11*(A21+DesignSheet!C16)) / ( COS(DesignSheet!C11*(A21+DesignSheet!C16)) + (DesignSheet!C11*DesignSheet!C13)/(DesignSheet!C7*(DesignSheet!C11+1)) ) )+(A21+DesignSheet!C16)) -> -0.72463486
A22: =2*PI()*20/(DesignSheet!C9-1) -> 0.34906585 | B22: =(DesignSheet!C11*DesignSheet!C13)*COS((A22+DesignSheet!C16)) + (DesignSheet!C7)*COS((DesignSheet!C11+1)*(A22+DesignSheet!C16)) - (DesignSheet!C6/2)*COS(ATAN( SIN(DesignSheet!C11*(A22+DesignSheet!C16)) / ( COS(DesignSheet!C11*(A22+DesignSheet!C16)) + (DesignSheet!C11*DesignSheet!C13)/(DesignSheet!C7*(DesignSheet!C11+1)) ) )+(A22+DesignSheet!C16)) -> 0.20601911 | C22: =(DesignSheet!C11*DesignSheet!C13)*SIN((A22+DesignSheet!C16)) + (DesignSheet!C7)*SIN((DesignSheet!C11+1)*(A22+DesignSheet!C16)) - (DesignSheet!C6/2)*SIN(ATAN( SIN(DesignSheet!C11*(A22+DesignSheet!C16)) / ( COS(DesignSheet!C11*(A22+DesignSheet!C16)) + (DesignSheet!C11*DesignSheet!C13)/(DesignSheet!C7*(DesignSheet!C11+1)) ) )+(A22+DesignSheet!C16)) -> -0.72114917
A23: =2*PI()*21/(DesignSheet!C9-1) -> 0.36651914 | B23: =(DesignSheet!C11*DesignSheet!C13)*COS((A23+DesignSheet!C16)) + (DesignSheet!C7)*COS((DesignSheet!C11+1)*(A23+DesignSheet!C16)) - (DesignSheet!C6/2)*COS(ATAN( SIN(DesignSheet!C11*(A23+DesignSheet!C16)) / ( COS(DesignSheet!C11*(A23+DesignSheet!C16)) + (DesignSheet!C11*DesignSheet!C13)/(DesignSheet!C7*(DesignSheet!C11+1)) ) )+(A23+DesignSheet!C16)) -> 0.21857352 | C23: =(DesignSheet!C11*DesignSheet!C13)*SIN((A23+DesignSheet!C16)) + (DesignSheet!C7)*SIN((DesignSheet!C11+1)*(A23+DesignSheet!C16)) - (DesignSheet!C6/2)*SIN(ATAN( SIN(DesignSheet!C11*(A23+DesignSheet!C16)) / ( COS(DesignSheet!C11*(A23+DesignSheet!C16)) + (DesignSheet!C11*DesignSheet!C13)/(DesignSheet!C7*(DesignSheet!C11+1)) ) )+(A23+DesignSheet!C16)) -> -0.71744381
A24: =2*PI()*22/(DesignSheet!C9-1) -> 0.38397244 | B24: =(DesignSheet!C11*DesignSheet!C13)*COS((A24+DesignSheet!C16)) + (DesignSheet!C7)*COS((DesignSheet!C11+1)*(A24+DesignSheet!C16)) - (DesignSheet!C6/2)*COS(ATAN( SIN(DesignSheet!C11*(A24+DesignSheet!C16)) / ( COS(DesignSheet!C11*(A24+DesignSheet!C16)) + (DesignSheet!C11*DesignSheet!C13)/(DesignSheet!C7*(DesignSheet!C11+1)) ) )+(A24+DesignSheet!C16)) -> 0.23106136 | C24: =(DesignSheet!C11*DesignSheet!C13)*SIN((A24+DesignSheet!C16)) + (DesignSheet!C7)*SIN((DesignSheet!C11+1)*(A24+DesignSheet!C16)) - (DesignSheet!C6/2)*SIN(ATAN( SIN(DesignSheet!C11*(A24+DesignSheet!C16)) / ( COS(DesignSheet!C11*(A24+DesignSheet!C16)) + (DesignSheet!C11*DesignSheet!C13)/(DesignSheet!C7*(DesignSheet!C11+1)) ) )+(A24+DesignSheet!C16)) -> -0.7135199
A25: =2*PI()*23/(DesignSheet!C9-1) -> 0.40142573 | B25: =(DesignSheet!C11*DesignSheet!C13)*COS((A25+DesignSheet!C16)) + (DesignSheet!C7)*COS((DesignSheet!C11+1)*(A25+DesignSheet!C16)) - (DesignSheet!C6/2)*COS(ATAN( SIN(DesignSheet!C11*(A25+DesignSheet!C16)) / ( COS(DesignSheet!C11*(A25+DesignSheet!C16)) + (DesignSheet!C11*DesignSheet!C13)/(DesignSheet!C7*(DesignSheet!C11+1)) ) )+(A25+DesignSheet!C16)) -> 0.2434788 | C25: =(DesignSheet!C11*DesignSheet!C13)*SIN((A25+DesignSheet!C16)) + (DesignSheet!C7)*SIN((DesignSheet!C11+1)*(A25+DesignSheet!C16)) - (DesignSheet!C6/2)*SIN(ATAN( SIN(DesignSheet!C11*(A25+DesignSheet!C16)) / ( COS(DesignSheet!C11*(A25+DesignSheet!C16)) + (DesignSheet!C11*DesignSheet!C13)/(DesignSheet!C7*(DesignSheet!C11+1)) ) )+(A25+DesignSheet!C16)) -> -0.70937865
A26: =2*PI()*24/(DesignSheet!C9-1) -> 0.41887902 | B26: =(DesignSheet!C11*DesignSheet!C13)*COS((A26+DesignSheet!C16)) + (DesignSheet!C7)*COS((DesignSheet!C11+1)*(A26+DesignSheet!C16)) - (DesignSheet!C6/2)*COS(ATAN( SIN(DesignSheet!C11*(A26+DesignSheet!C16)) / ( COS(DesignSheet!C11*(A26+DesignSheet!C16)) + (DesignSheet!C11*DesignSheet!C13)/(DesignSheet!C7*(DesignSheet!C11+1)) ) )+(A26+DesignSheet!C16)) -> 0.25582208 | C26: =(DesignSheet!C11*DesignSheet!C13)*SIN((A26+DesignSheet!C16)) + (DesignSheet!C7)*SIN((DesignSheet!C11+1)*(A26+DesignSheet!C16)) - (DesignSheet!C6/2)*SIN(ATAN( SIN(DesignSheet!C11*(A26+DesignSheet!C16)) / ( COS(DesignSheet!C11*(A26+DesignSheet!C16)) + (DesignSheet!C11*DesignSheet!C13)/(DesignSheet!C7*(DesignSheet!C11+1)) ) )+(A26+DesignSheet!C16)) -> -0.70502132
A27: =2*PI()*25/(DesignSheet!C9-1) -> 0.43633231 | B27: =(DesignSheet!C11*DesignSheet!C13)*COS((A27+DesignSheet!C16)) + (DesignSheet!C7)*COS((DesignSheet!C11+1)*(A27+DesignSheet!C16)) - (DesignSheet!C6/2)*COS(ATAN( SIN(DesignSheet!C11*(A27+DesignSheet!C16)) / ( COS(DesignSheet!C11*(A27+DesignSheet!C16)) + (DesignSheet!C11*DesignSheet!C13)/(DesignSheet!C7*(DesignSheet!C11+1)) ) )+(A27+DesignSheet!C16)) -> 0.26808744 | C27: =(DesignSheet!C11*DesignSheet!C13)*SIN((A27+DesignSheet!C16)) + (DesignSheet!C7)*SIN((DesignSheet!C11+1)*(A27+DesignSheet!C16)) - (DesignSheet!C6/2)*SIN(ATAN( SIN(DesignSheet!C11*(A27+DesignSheet!C16)) / ( COS(DesignSheet!C11*(A27+DesignSheet!C16)) + (DesignSheet!C11*DesignSheet!C13)/(DesignSheet!C7*(DesignSheet!C11+1)) ) )+(A27+DesignSheet!C16)) -> -0.70044923
A28: =2*PI()*26/(DesignSheet!C9-1) -> 0.45378561 | B28: =(DesignSheet!C11*DesignSheet!C13)*COS((A28+DesignSheet!C16)) + (DesignSheet!C7)*COS((DesignSheet!C11+1)*(A28+DesignSheet!C16)) - (DesignSheet!C6/2)*COS(ATAN( SIN(DesignSheet!C11*(A28+DesignSheet!C16)) / ( COS(DesignSheet!C11*(A28+DesignSheet!C16)) + (DesignSheet!C11*DesignSheet!C13)/(DesignSheet!C7*(DesignSheet!C11+1)) ) )+(A28+DesignSheet!C16)) -> 0.28027113 | C28: =(DesignSheet!C11*DesignSheet!C13)*SIN((A28+DesignSheet!C16)) + (DesignSheet!C7)*SIN((DesignSheet!C11+1)*(A28+DesignSheet!C16)) - (DesignSheet!C6/2)*SIN(ATAN( SIN(DesignSheet!C11*(A28+DesignSheet!C16)) / ( COS(DesignSheet!C11*(A28+DesignSheet!C16)) + (DesignSheet!C11*DesignSheet!C13)/(DesignSheet!C7*(DesignSheet!C11+1)) ) )+(A28+DesignSheet!C16)) -> -0.69566378
A29: =2*PI()*27/(DesignSheet!C9-1) -> 0.4712389 | B29: =(DesignSheet!C11*DesignSheet!C13)*COS((A29+DesignSheet!C16)) + (DesignSheet!C7)*COS((DesignSheet!C11+1)*(A29+DesignSheet!C16)) - (DesignSheet!C6/2)*COS(ATAN( SIN(DesignSheet!C11*(A29+DesignSheet!C16)) / ( COS(DesignSheet!C11*(A29+DesignSheet!C16)) + (DesignSheet!C11*DesignSheet!C13)/(DesignSheet!C7*(DesignSheet!C11+1)) ) )+(A29+DesignSheet!C16)) -> 0.29236945 | C29: =(DesignSheet!C11*DesignSheet!C13)*SIN((A29+DesignSheet!C16)) + (DesignSheet!C7)*SIN((DesignSheet!C11+1)*(A29+DesignSheet!C16)) - (DesignSheet!C6/2)*SIN(ATAN( SIN(DesignSheet!C11*(A29+DesignSheet!C16)) / ( COS(DesignSheet!C11*(A29+DesignSheet!C16)) + (DesignSheet!C11*DesignSheet!C13)/(DesignSheet!C7*(DesignSheet!C11+1)) ) )+(A29+DesignSheet!C16)) -> -0.69066642
A30: =2*PI()*28/(DesignSheet!C9-1) -> 0.48869219 | B30: =(DesignSheet!C11*DesignSheet!C13)*COS((A30+DesignSheet!C16)) + (DesignSheet!C7)*COS((DesignSheet!C11+1)*(A30+DesignSheet!C16)) - (DesignSheet!C6/2)*COS(ATAN( SIN(DesignSheet!C11*(A30+DesignSheet!C16)) / ( COS(DesignSheet!C11*(A30+DesignSheet!C16)) + (DesignSheet!C11*DesignSheet!C13)/(DesignSheet!C7*(DesignSheet!C11+1)) ) )+(A30+DesignSheet!C16)) -> 0.30437872 | C30: =(DesignSheet!C11*DesignSheet!C13)*SIN((A30+DesignSheet!C16)) + (DesignSheet!C7)*SIN((DesignSheet!C11+1)*(A30+DesignSheet!C16)) - (DesignSheet!C6/2)*SIN(ATAN( SIN(DesignSheet!C11*(A30+DesignSheet!C16)) / ( COS(DesignSheet!C11*(A30+DesignSheet!C16)) + (DesignSheet!C11*DesignSheet!C13)/(DesignSheet!C7*(DesignSheet!C11+1)) ) )+(A30+DesignSheet!C16)) -> -0.68545868
A31: =2*PI()*29/(DesignSheet!C9-1) -> 0.50614548 | B31: =(DesignSheet!C11*DesignSheet!C13)*COS((A31+DesignSheet!C16)) + (DesignSheet!C7)*COS((DesignSheet!C11+1)*(A31+DesignSheet!C16)) - (DesignSheet!C6/2)*COS(ATAN( SIN(DesignSheet!C11*(A31+DesignSheet!C16)) / ( COS(DesignSheet!C11*(A31+DesignSheet!C16)) + (DesignSheet!C11*DesignSheet!C13)/(DesignSheet!C7*(DesignSheet!C11+1)) ) )+(A31+DesignSheet!C16)) -> 0.31629526 | C31: =(DesignSheet!C11*DesignSheet!C13)*SIN((A31+DesignSheet!C16)) + (DesignSheet!C7)*SIN((DesignSheet!C11+1)*(A31+DesignSheet!C16)) - (DesignSheet!C6/2)*SIN(ATAN( SIN(DesignSheet!C11*(A31+DesignSheet!C16)) / ( COS(DesignSheet!C11*(A31+DesignSheet!C16)) + (DesignSheet!C11*DesignSheet!C13)/(DesignSheet!C7*(DesignSheet!C11+1)) ) )+(A31+DesignSheet!C16)) -> -0.68004214
A32: =2*PI()*30/(DesignSheet!C9-1) -> 0.52359878 | B32: =(DesignSheet!C11*DesignSheet!C13)*COS((A32+DesignSheet!C16)) + (DesignSheet!C7)*COS((DesignSheet!C11+1)*(A32+DesignSheet!C16)) - (DesignSheet!C6/2)*COS(ATAN( SIN(DesignSheet!C11*(A32+DesignSheet!C16)) / ( COS(DesignSheet!C11*(A32+DesignSheet!C16)) + (DesignSheet!C11*DesignSheet!C13)/(DesignSheet!C7*(DesignSheet!C11+1)) ) )+(A32+DesignSheet!C16)) -> 0.32811546 | C32: =(DesignSheet!C11*DesignSheet!C13)*SIN((A32+DesignSheet!C16)) + (DesignSheet!C7)*SIN((DesignSheet!C11+1)*(A32+DesignSheet!C16)) - (DesignSheet!C6/2)*SIN(ATAN( SIN(DesignSheet!C11*(A32+DesignSheet!C16)) / ( COS(DesignSheet!C11*(A32+DesignSheet!C16)) + (DesignSheet!C11*DesignSheet!C13)/(DesignSheet!C7*(DesignSheet!C11+1)) ) )+(A32+DesignSheet!C16)) -> -0.67441845
A33: =2*PI()*31/(DesignSheet!C9-1) -> 0.54105207 | B33: =(DesignSheet!C11*DesignSheet!C13)*COS((A33+DesignSheet!C16)) + (DesignSheet!C7)*COS((DesignSheet!C11+1)*(A33+DesignSheet!C16)) - (DesignSheet!C6/2)*COS(ATAN( SIN(DesignSheet!C11*(A33+DesignSheet!C16)) / ( COS(DesignSheet!C11*(A33+DesignSheet!C16)) + (DesignSheet!C11*DesignSheet!C13)/(DesignSheet!C7*(DesignSheet!C11+1)) ) )+(A33+DesignSheet!C16)) -> 0.33983571 | C33: =(DesignSheet!C11*DesignSheet!C13)*SIN((A33+DesignSheet!C16)) + (DesignSheet!C7)*SIN((DesignSheet!C11+1)*(A33+DesignSheet!C16)) - (DesignSheet!C6/2)*SIN(ATAN( SIN(DesignSheet!C11*(A33+DesignSheet!C16)) / ( COS(DesignSheet!C11*(A33+DesignSheet!C16)) + (DesignSheet!C11*DesignSheet!C13)/(DesignSheet!C7*(DesignSheet!C11+1)) ) )+(A33+DesignSheet!C16)) -> -0.66858933
A34: =2*PI()*32/(DesignSheet!C9-1) -> 0.55850536 | B34: =(DesignSheet!C11*DesignSheet!C13)*COS((A34+DesignSheet!C16)) + (DesignSheet!C7)*COS((DesignSheet!C11+1)*(A34+DesignSheet!C16)) - (DesignSheet!C6/2)*COS(ATAN( SIN(DesignSheet!C11*(A34+DesignSheet!C16)) / ( COS(DesignSheet!C11*(A34+DesignSheet!C16)) + (DesignSheet!C11*DesignSheet!C13)/(DesignSheet!C7*(DesignSheet!C11+1)) ) )+(A34+DesignSheet!C16)) -> 0.35145245 | C34: =(DesignSheet!C11*DesignSheet!C13)*SIN((A34+DesignSheet!C16)) + (DesignSheet!C7)*SIN((DesignSheet!C11+1)*(A34+DesignSheet!C16)) - (DesignSheet!C6/2)*SIN(ATAN( SIN(DesignSheet!C11*(A34+DesignSheet!C16)) / ( COS(DesignSheet!C11*(A34+DesignSheet!C16)) + (DesignSheet!C11*DesignSheet!C13)/(DesignSheet!C7*(DesignSheet!C11+1)) ) )+(A34+DesignSheet!C16)) -> -0.66255655
A35: =2*PI()*33/(DesignSheet!C9-1) -> 0.57595865 | B35: =(DesignSheet!C11*DesignSheet!C13)*COS((A35+DesignSheet!C16)) + (DesignSheet!C7)*COS((DesignSheet!C11+1)*(A35+DesignSheet!C16)) - (DesignSheet!C6/2)*COS(ATAN( SIN(DesignSheet!C11*(A35+DesignSheet!C16)) / ( COS(DesignSheet!C11*(A35+DesignSheet!C16)) + (DesignSheet!C11*DesignSheet!C13)/(DesignSheet!C7*(DesignSheet!C11+1)) ) )+(A35+DesignSheet!C16)) -> 0.36296212 | C35: =(DesignSheet!C11*DesignSheet!C13)*SIN((A35+DesignSheet!C16)) + (DesignSheet!C7)*SIN((DesignSheet!C11+1)*(A35+DesignSheet!C16)) - (DesignSheet!C6/2)*SIN(ATAN( SIN(DesignSheet!C11*(A35+DesignSheet!C16)) / ( COS(DesignSheet!C11*(A35+DesignSheet!C16)) + (DesignSheet!C11*DesignSheet!C13)/(DesignSheet!C7*(DesignSheet!C11+1)) ) )+(A35+DesignSheet!C16)) -> -0.65632195
A36: =2*PI()*34/(DesignSheet!C9-1) -> 0.59341195 | B36: =(DesignSheet!C11*DesignSheet!C13)*COS((A36+DesignSheet!C16)) + (DesignSheet!C7)*COS((DesignSheet!C11+1)*(A36+DesignSheet!C16)) - (DesignSheet!C6/2)*COS(ATAN( SIN(DesignSheet!C11*(A36+DesignSheet!C16)) / ( COS(DesignSheet!C11*(A36+DesignSheet!C16)) + (DesignSheet!C11*DesignSheet!C13)/(DesignSheet!C7*(DesignSheet!C11+1)) ) )+(A36+DesignSheet!C16)) -> 0.37436124 | C36: =(DesignSheet!C11*DesignSheet!C13)*SIN((A36+DesignSheet!C16)) + (DesignSheet!C7)*SIN((DesignSheet!C11+1)*(A36+DesignSheet!C16)) - (DesignSheet!C6/2)*SIN(ATAN( SIN(DesignSheet!C11*(A36+DesignSheet!C16)) / ( COS(DesignSheet!C11*(A36+DesignSheet!C16)) + (DesignSheet!C11*DesignSheet!C13)/(DesignSheet!C7*(DesignSheet!C11+1)) ) )+(A36+DesignSheet!C16)) -> -0.64988742
A37: =2*PI()*35/(DesignSheet!C9-1) -> 0.61086524 | B37: =(DesignSheet!C11*DesignSheet!C13)*COS((A37+DesignSheet!C16)) + (DesignSheet!C7)*COS((DesignSheet!C11+1)*(A37+DesignSheet!C16)) - (DesignSheet!C6/2)*COS(ATAN( SIN(DesignSheet!C11*(A37+DesignSheet!C16)) / ( COS(DesignSheet!C11*(A37+DesignSheet!C16)) + (DesignSheet!C11*DesignSheet!C13)/(DesignSheet!C7*(DesignSheet!C11+1)) ) )+(A37+DesignSheet!C16)) -> 0.38564632 | C37: =(DesignSheet!C11*DesignSheet!C13)*SIN((A37+DesignSheet!C16)) + (DesignSheet!C7)*SIN((DesignSheet!C11+1)*(A37+DesignSheet!C16)) - (DesignSheet!C6/2)*SIN(ATAN( SIN(DesignSheet!C11*(A37+DesignSheet!C16)) / ( COS(DesignSheet!C11*(A37+DesignSheet!C16)) + (DesignSheet!C11*DesignSheet!C13)/(DesignSheet!C7*(DesignSheet!C11+1)) ) )+(A37+DesignSheet!C16)) -> -0.64325494
A38: =2*PI()*36/(DesignSheet!C9-1) -> 0.62831853 | B38: =(DesignSheet!C11*DesignSheet!C13)*COS((A38+DesignSheet!C16)) + (DesignSheet!C7)*COS((DesignSheet!C11+1)*(A38+DesignSheet!C16)) - (DesignSheet!C6/2)*COS(ATAN( SIN(DesignSheet!C11*(A38+DesignSheet!C16)) / ( COS(DesignSheet!C11*(A38+DesignSheet!C16)) + (DesignSheet!C11*DesignSheet!C13)/(DesignSheet!C7*(DesignSheet!C11+1)) ) )+(A38+DesignSheet!C16)) -> 0.39681393 | C38: =(DesignSheet!C11*DesignSheet!C13)*SIN((A38+DesignSheet!C16)) + (DesignSheet!C7)*SIN((DesignSheet!C11+1)*(A38+DesignSheet!C16)) - (DesignSheet!C6/2)*SIN(ATAN( SIN(DesignSheet!C11*(A38+DesignSheet!C16)) / ( COS(DesignSheet!C11*(A38+DesignSheet!C16)) + (DesignSheet!C11*DesignSheet!C13)/(DesignSheet!C7*(DesignSheet!C11+1)) ) )+(A38+DesignSheet!C16)) -> -0.63642651
A39: =2*PI()*37/(DesignSheet!C9-1) -> 0.64577182 | B39: =(DesignSheet!C11*DesignSheet!C13)*COS((A39+DesignSheet!C16)) + (DesignSheet!C7)*COS((DesignSheet!C11+1)*(A39+DesignSheet!C16)) - (DesignSheet!C6/2)*COS(ATAN( SIN(DesignSheet!C11*(A39+DesignSheet!C16)) / ( COS(DesignSheet!C11*(A39+DesignSheet!C16)) + (DesignSheet!C11*DesignSheet!C13)/(DesignSheet!C7*(DesignSheet!C11+1)) ) )+(A39+DesignSheet!C16)) -> 0.40786067 | C39: =(DesignSheet!C11*DesignSheet!C13)*SIN((A39+DesignSheet!C16)) + (DesignSheet!C7)*SIN((DesignSheet!C11+1)*(A39+DesignSheet!C16)) - (DesignSheet!C6/2)*SIN(ATAN( SIN(DesignSheet!C11*(A39+DesignSheet!C16)) / ( COS(DesignSheet!C11*(A39+DesignSheet!C16)) + (DesignSheet!C11*DesignSheet!C13)/(DesignSheet!C7*(DesignSheet!C11+1)) ) )+(A39+DesignSheet!C16)) -> -0.62940422
A40: =2*PI()*38/(DesignSheet!C9-1) -> 0.66322512 | B40: =(DesignSheet!C11*DesignSheet!C13)*COS((A40+DesignSheet!C16)) + (DesignSheet!C7)*COS((DesignSheet!C11+1)*(A40+DesignSheet!C16)) - (DesignSheet!C6/2)*COS(ATAN( SIN(DesignSheet!C11*(A40+DesignSheet!C16)) / ( COS(DesignSheet!C11*(A40+DesignSheet!C16)) + (DesignSheet!C11*DesignSheet!C13)/(DesignSheet!C7*(DesignSheet!C11+1)) ) )+(A40+DesignSheet!C16)) -> 0.41878317 | C40: =(DesignSheet!C11*DesignSheet!C13)*SIN((A40+DesignSheet!C16)) + (DesignSheet!C7)*SIN((DesignSheet!C11+1)*(A40+DesignSheet!C16)) - (DesignSheet!C6/2)*SIN(ATAN( SIN(DesignSheet!C11*(A40+DesignSheet!C16)) / ( COS(DesignSheet!C11*(A40+DesignSheet!C16)) + (DesignSheet!C11*DesignSheet!C13)/(DesignSheet!C7*(DesignSheet!C11+1)) ) )+(A40+DesignSheet!C16)) -> -0.62219021
A41: =2*PI()*39/(DesignSheet!C9-1) -> 0.68067841 | B41: =(DesignSheet!C11*DesignSheet!C13)*COS((A41+DesignSheet!C16)) + (DesignSheet!C7)*COS((DesignSheet!C11+1)*(A41+DesignSheet!C16)) - (DesignSheet!C6/2)*COS(ATAN( SIN(DesignSheet!C11*(A41+DesignSheet!C16)) / ( COS(DesignSheet!C11*(A41+DesignSheet!C16)) + (DesignSheet!C11*DesignSheet!C13)/(DesignSheet!C7*(DesignSheet!C11+1)) ) )+(A41+DesignSheet!C16)) -> 0.4295781 | C41: =(DesignSheet!C11*DesignSheet!C13)*SIN((A41+DesignSheet!C16)) + (DesignSheet!C7)*SIN((DesignSheet!C11+1)*(A41+DesignSheet!C16)) - (DesignSheet!C6/2)*SIN(ATAN( SIN(DesignSheet!C11*(A41+DesignSheet!C16)) / ( COS(DesignSheet!C11*(A41+DesignSheet!C16)) + (DesignSheet!C11*DesignSheet!C13)/(DesignSheet!C7*(DesignSheet!C11+1)) ) )+(A41+DesignSheet!C16)) -> -0.61478667
A42: =2*PI()*40/(DesignSheet!C9-1) -> 0.6981317 | B42: =(DesignSheet!C11*DesignSheet!C13)*COS((A42+DesignSheet!C16)) + (DesignSheet!C7)*COS((DesignSheet!C11+1)*(A42+DesignSheet!C16)) - (DesignSheet!C6/2)*COS(ATAN( SIN(DesignSheet!C11*(A42+DesignSheet!C16)) / ( COS(DesignSheet!C11*(A42+DesignSheet!C16)) + (DesignSheet!C11*DesignSheet!C13)/(DesignSheet!C7*(DesignSheet!C11+1)) ) )+(A42+DesignSheet!C16)) -> 0.44024218 | C42: =(DesignSheet!C11*DesignSheet!C13)*SIN((A42+DesignSheet!C16)) + (DesignSheet!C7)*SIN((DesignSheet!C11+1)*(A42+DesignSheet!C16)) - (DesignSheet!C6/2)*SIN(ATAN( SIN(DesignSheet!C11*(A42+DesignSheet!C16)) / ( COS(DesignSheet!C11*(A42+DesignSheet!C16)) + (DesignSheet!C11*DesignSheet!C13)/(DesignSheet!C7*(DesignSheet!C11+1)) ) )+(A42+DesignSheet!C16)) -> -0.60719587
A43: =2*PI()*41/(DesignSheet!C9-1) -> 0.71558499 | B43: =(DesignSheet!C11*DesignSheet!C13)*COS((A43+DesignSheet!C16)) + (DesignSheet!C7)*COS((DesignSheet!C11+1)*(A43+DesignSheet!C16)) - (DesignSheet!C6/2)*COS(ATAN( SIN(DesignSheet!C11*(A43+DesignSheet!C16)) / ( COS(DesignSheet!C11*(A43+DesignSheet!C16)) + (DesignSheet!C11*DesignSheet!C13)/(DesignSheet!C7*(DesignSheet!C11+1)) ) )+(A43+DesignSheet!C16)) -> 0.45077216 | C43: =(DesignSheet!C11*DesignSheet!C13)*SIN((A43+DesignSheet!C16)) + (DesignSheet!C7)*SIN((DesignSheet!C11+1)*(A43+DesignSheet!C16)) - (DesignSheet!C6/2)*SIN(ATAN( SIN(DesignSheet!C11*(A43+DesignSheet!C16)) / ( COS(DesignSheet!C11*(A43+DesignSheet!C16)) + (DesignSheet!C11*DesignSheet!C13)/(DesignSheet!C7*(DesignSheet!C11+1)) ) )+(A43+DesignSheet!C16)) -> -0.5994201
A44: =2*PI()*42/(DesignSheet!C9-1) -> 0.73303829 | B44: =(DesignSheet!C11*DesignSheet!C13)*COS((A44+DesignSheet!C16)) + (DesignSheet!C7)*COS((DesignSheet!C11+1)*(A44+DesignSheet!C16)) - (DesignSheet!C6/2)*COS(ATAN( SIN(DesignSheet!C11*(A44+DesignSheet!C16)) / ( COS(DesignSheet!C11*(A44+DesignSheet!C16)) + (DesignSheet!C11*DesignSheet!C13)/(DesignSheet!C7*(DesignSheet!C11+1)) ) )+(A44+DesignSheet!C16)) -> 0.46116483 | C44: =(DesignSheet!C11*DesignSheet!C13)*SIN((A44+DesignSheet!C16)) + (DesignSheet!C7)*SIN((DesignSheet!C11+1)*(A44+DesignSheet!C16)) - (DesignSheet!C6/2)*SIN(ATAN( SIN(DesignSheet!C11*(A44+DesignSheet!C16)) / ( COS(DesignSheet!C11*(A44+DesignSheet!C16)) + (DesignSheet!C11*DesignSheet!C13)/(DesignSheet!C7*(DesignSheet!C11+1)) ) )+(A44+DesignSheet!C16)) -> -0.59146175
A45: =2*PI()*43/(DesignSheet!C9-1) -> 0.75049158 | B45: =(DesignSheet!C11*DesignSheet!C13)*COS((A45+DesignSheet!C16)) + (DesignSheet!C7)*COS((DesignSheet!C11+1)*(A45+DesignSheet!C16)) - (DesignSheet!C6/2)*COS(ATAN( SIN(DesignSheet!C11*(A45+DesignSheet!C16)) / ( COS(DesignSheet!C11*(A45+DesignSheet!C16)) + (DesignSheet!C11*DesignSheet!C13)/(DesignSheet!C7*(DesignSheet!C11+1)) ) )+(A45+DesignSheet!C16)) -> 0.47141702 | C45: =(DesignSheet!C11*DesignSheet!C13)*SIN((A45+DesignSheet!C16)) + (DesignSheet!C7)*SIN((DesignSheet!C11+1)*(A45+DesignSheet!C16)) - (DesignSheet!C6/2)*SIN(ATAN( SIN(DesignSheet!C11*(A45+DesignSheet!C16)) / ( COS(DesignSheet!C11*(A45+DesignSheet!C16)) + (DesignSheet!C11*DesignSheet!C13)/(DesignSheet!C7*(DesignSheet!C11+1)) ) )+(A45+DesignSheet!C16)) -> -0.58332323
A46: =2*PI()*44/(DesignSheet!C9-1) -> 0.76794487 | B46: =(DesignSheet!C11*DesignSheet!C13)*COS((A46+DesignSheet!C16)) + (DesignSheet!C7)*COS((DesignSheet!C11+1)*(A46+DesignSheet!C16)) - (DesignSheet!C6/2)*COS(ATAN( SIN(DesignSheet!C11*(A46+DesignSheet!C16)) / ( COS(DesignSheet!C11*(A46+DesignSheet!C16)) + (DesignSheet!C11*DesignSheet!C13)/(DesignSheet!C7*(DesignSheet!C11+1)) ) )+(A46+DesignSheet!C16)) -> 0.48152562 | C46: =(DesignSheet!C11*DesignSheet!C13)*SIN((A46+DesignSheet!C16)) + (DesignSheet!C7)*SIN((DesignSheet!C11+1)*(A46+DesignSheet!C16)) - (DesignSheet!C6/2)*SIN(ATAN( SIN(DesignSheet!C11*(A46+DesignSheet!C16)) / ( COS(DesignSheet!C11*(A46+DesignSheet!C16)) + (DesignSheet!C11*DesignSheet!C13)/(DesignSheet!C7*(DesignSheet!C11+1)) ) )+(A46+DesignSheet!C16)) -> -0.57500703
A47: =2*PI()*45/(DesignSheet!C9-1) -> 0.78539816 | B47: =(DesignSheet!C11*DesignSheet!C13)*COS((A47+DesignSheet!C16)) + (DesignSheet!C7)*COS((DesignSheet!C11+1)*(A47+DesignSheet!C16)) - (DesignSheet!C6/2)*COS(ATAN( SIN(DesignSheet!C11*(A47+DesignSheet!C16)) / ( COS(DesignSheet!C11*(A47+DesignSheet!C16)) + (DesignSheet!C11*DesignSheet!C13)/(DesignSheet!C7*(DesignSheet!C11+1)) ) )+(A47+DesignSheet!C16)) -> 0.49148754 | C47: =(DesignSheet!C11*DesignSheet!C13)*SIN((A47+DesignSheet!C16)) + (DesignSheet!C7)*SIN((DesignSheet!C11+1)*(A47+DesignSheet!C16)) - (DesignSheet!C6/2)*SIN(ATAN( SIN(DesignSheet!C11*(A47+DesignSheet!C16)) / ( COS(DesignSheet!C11*(A47+DesignSheet!C16)) + (DesignSheet!C11*DesignSheet!C13)/(DesignSheet!C7*(DesignSheet!C11+1)) ) )+(A47+DesignSheet!C16)) -> -0.56651567
A48: =2*PI()*46/(DesignSheet!C9-1) -> 0.80285146 | B48: =(DesignSheet!C11*DesignSheet!C13)*COS((A48+DesignSheet!C16)) + (DesignSheet!C7)*COS((DesignSheet!C11+1)*(A48+DesignSheet!C16)) - (DesignSheet!C6/2)*COS(ATAN( SIN(DesignSheet!C11*(A48+DesignSheet!C16)) / ( COS(DesignSheet!C11*(A48+DesignSheet!C16)) + (DesignSheet!C11*DesignSheet!C13)/(DesignSheet!C7*(DesignSheet!C11+1)) ) )+(A48+DesignSheet!C16)) -> 0.50129974 | C48: =(DesignSheet!C11*DesignSheet!C13)*SIN((A48+DesignSheet!C16)) + (DesignSheet!C7)*SIN((DesignSheet!C11+1)*(A48+DesignSheet!C16)) - (DesignSheet!C6/2)*SIN(ATAN( SIN(DesignSheet!C11*(A48+DesignSheet!C16)) / ( COS(DesignSheet!C11*(A48+DesignSheet!C16)) + (DesignSheet!C11*DesignSheet!C13)/(DesignSheet!C7*(DesignSheet!C11+1)) ) )+(A48+DesignSheet!C16)) -> -0.55785174
A49: =2*PI()*47/(DesignSheet!C9-1) -> 0.82030475 | B49: =(DesignSheet!C11*DesignSheet!C13)*COS((A49+DesignSheet!C16)) + (DesignSheet!C7)*COS((DesignSheet!C11+1)*(A49+DesignSheet!C16)) - (DesignSheet!C6/2)*COS(ATAN( SIN(DesignSheet!C11*(A49+DesignSheet!C16)) / ( COS(DesignSheet!C11*(A49+DesignSheet!C16)) + (DesignSheet!C11*DesignSheet!C13)/(DesignSheet!C7*(DesignSheet!C11+1)) ) )+(A49+DesignSheet!C16)) -> 0.51095925 | C49: =(DesignSheet!C11*DesignSheet!C13)*SIN((A49+DesignSheet!C16)) + (DesignSheet!C7)*SIN((DesignSheet!C11+1)*(A49+DesignSheet!C16)) - (DesignSheet!C6/2)*SIN(ATAN( SIN(DesignSheet!C11*(A49+DesignSheet!C16)) / ( COS(DesignSheet!C11*(A49+DesignSheet!C16)) + (DesignSheet!C11*DesignSheet!C13)/(DesignSheet!C7*(DesignSheet!C11+1)) ) )+(A49+DesignSheet!C16)) -> -0.54901789
A50: =2*PI()*48/(DesignSheet!C9-1) -> 0.83775804 | B50: =(DesignSheet!C11*DesignSheet!C13)*COS((A50+DesignSheet!C16)) + (DesignSheet!C7)*COS((DesignSheet!C11+1)*(A50+DesignSheet!C16)) - (DesignSheet!C6/2)*COS(ATAN( SIN(DesignSheet!C11*(A50+DesignSheet!C16)) / ( COS(DesignSheet!C11*(A50+DesignSheet!C16)) + (DesignSheet!C11*DesignSheet!C13)/(DesignSheet!C7*(DesignSheet!C11+1)) ) )+(A50+DesignSheet!C16)) -> 0.52046311 | C50: =(DesignSheet!C11*DesignSheet!C13)*SIN((A50+DesignSheet!C16)) + (DesignSheet!C7)*SIN((DesignSheet!C11+1)*(A50+DesignSheet!C16)) - (DesignSheet!C6/2)*SIN(ATAN( SIN(DesignSheet!C11*(A50+DesignSheet!C16)) / ( COS(DesignSheet!C11*(A50+DesignSheet!C16)) + (DesignSheet!C11*DesignSheet!C13)/(DesignSheet!C7*(DesignSheet!C11+1)) ) )+(A50+DesignSheet!C16)) -> -0.54001681
A51: =2*PI()*49/(DesignSheet!C9-1) -> 0.85521133 | B51: =(DesignSheet!C11*DesignSheet!C13)*COS((A51+DesignSheet!C16)) + (DesignSheet!C7)*COS((DesignSheet!C11+1)*(A51+DesignSheet!C16)) - (DesignSheet!C6/2)*COS(ATAN( SIN(DesignSheet!C11*(A51+DesignSheet!C16)) / ( COS(DesignSheet!C11*(A51+DesignSheet!C16)) + (DesignSheet!C11*DesignSheet!C13)/(DesignSheet!C7*(DesignSheet!C11+1)) ) )+(A51+DesignSheet!C16)) -> 0.52980843 | C51: =(DesignSheet!C11*DesignSheet!C13)*SIN((A51+DesignSheet!C16)) + (DesignSheet!C7)*SIN((DesignSheet!C11+1)*(A51+DesignSheet!C16)) - (DesignSheet!C6/2)*SIN(ATAN( SIN(DesignSheet!C11*(A51+DesignSheet!C16)) / ( COS(DesignSheet!C11*(A51+DesignSheet!C16)) + (DesignSheet!C11*DesignSheet!C13)/(DesignSheet!C7*(DesignSheet!C11+1)) ) )+(A51+DesignSheet!C16)) -> -0.53085123
A52: =2*PI()*50/(DesignSheet!C9-1) -> 0.87266463 | B52: =(DesignSheet!C11*DesignSheet!C13)*COS((A52+DesignSheet!C16)) + (DesignSheet!C7)*COS((DesignSheet!C11+1)*(A52+DesignSheet!C16)) - (DesignSheet!C6/2)*COS(ATAN( SIN(DesignSheet!C11*(A52+DesignSheet!C16)) / ( COS(DesignSheet!C11*(A52+DesignSheet!C16)) + (DesignSheet!C11*DesignSheet!C13)/(DesignSheet!C7*(DesignSheet!C11+1)) ) )+(A52+DesignSheet!C16)) -> 0.53899237 | C52: =(DesignSheet!C11*DesignSheet!C13)*SIN((A52+DesignSheet!C16)) + (DesignSheet!C7)*SIN((DesignSheet!C11+1)*(A52+DesignSheet!C16)) - (DesignSheet!C6/2)*SIN(ATAN( SIN(DesignSheet!C11*(A52+DesignSheet!C16)) / ( COS(DesignSheet!C11*(A52+DesignSheet!C16)) + (DesignSheet!C11*DesignSheet!C13)/(DesignSheet!C7*(DesignSheet!C11+1)) ) )+(A52+DesignSheet!C16)) -> -0.52152394
A53: =2*PI()*51/(DesignSheet!C9-1) -> 0.89011792 | B53: =(DesignSheet!C11*DesignSheet!C13)*COS((A53+DesignSheet!C16)) + (DesignSheet!C7)*COS((DesignSheet!C11+1)*(A53+DesignSheet!C16)) - (DesignSheet!C6/2)*COS(ATAN( SIN(DesignSheet!C11*(A53+DesignSheet!C16)) / ( COS(DesignSheet!C11*(A53+DesignSheet!C16)) + (DesignSheet!C11*DesignSheet!C13)/(DesignSheet!C7*(DesignSheet!C11+1)) ) )+(A53+DesignSheet!C16)) -> 0.54801213 | C53: =(DesignSheet!C11*DesignSheet!C13)*SIN((A53+DesignSheet!C16)) + (DesignSheet!C7)*SIN((DesignSheet!C11+1)*(A53+DesignSheet!C16)) - (DesignSheet!C6/2)*SIN(ATAN( SIN(DesignSheet!C11*(A53+DesignSheet!C16)) / ( COS(DesignSheet!C11*(A53+DesignSheet!C16)) + (DesignSheet!C11*DesignSheet!C13)/(DesignSheet!C7*(DesignSheet!C11+1)) ) )+(A53+DesignSheet!C16)) -> -0.5120378
A54: =2*PI()*52/(DesignSheet!C9-1) -> 0.90757121 | B54: =(DesignSheet!C11*DesignSheet!C13)*COS((A54+DesignSheet!C16)) + (DesignSheet!C7)*COS((DesignSheet!C11+1)*(A54+DesignSheet!C16)) - (DesignSheet!C6/2)*COS(ATAN( SIN(DesignSheet!C11*(A54+DesignSheet!C16)) / ( COS(DesignSheet!C11*(A54+DesignSheet!C16)) + (DesignSheet!C11*DesignSheet!C13)/(DesignSheet!C7*(DesignSheet!C11+1)) ) )+(A54+DesignSheet!C16)) -> 0.55686495 | C54: =(DesignSheet!C11*DesignSheet!C13)*SIN((A54+DesignSheet!C16)) + (DesignSheet!C7)*SIN((DesignSheet!C11+1)*(A54+DesignSheet!C16)) - (DesignSheet!C6/2)*SIN(ATAN( SIN(DesignSheet!C11*(A54+DesignSheet!C16)) / ( COS(DesignSheet!C11*(A54+DesignSheet!C16)) + (DesignSheet!C11*DesignSheet!C13)/(DesignSheet!C7*(DesignSheet!C11+1)) ) )+(A54+DesignSheet!C16)) -> -0.50239568
A55: =2*PI()*53/(DesignSheet!C9-1) -> 0.9250245 | B55: =(DesignSheet!C11*DesignSheet!C13)*COS((A55+DesignSheet!C16)) + (DesignSheet!C7)*COS((DesignSheet!C11+1)*(A55+DesignSheet!C16)) - (DesignSheet!C6/2)*COS(ATAN( SIN(DesignSheet!C11*(A55+DesignSheet!C16)) / ( COS(DesignSheet!C11*(A55+DesignSheet!C16)) + (DesignSheet!C11*DesignSheet!C13)/(DesignSheet!C7*(DesignSheet!C11+1)) ) )+(A55+DesignSheet!C16)) -> 0.56554816 | C55: =(DesignSheet!C11*DesignSheet!C13)*SIN((A55+DesignSheet!C16)) + (DesignSheet!C7)*SIN((DesignSheet!C11+1)*(A55+DesignSheet!C16)) - (DesignSheet!C6/2)*SIN(ATAN( SIN(DesignSheet!C11*(A55+DesignSheet!C16)) / ( COS(DesignSheet!C11*(A55+DesignSheet!C16)) + (DesignSheet!C11*DesignSheet!C13)/(DesignSheet!C7*(DesignSheet!C11+1)) ) )+(A55+DesignSheet!C16)) -> -0.49260053
A56: =2*PI()*54/(DesignSheet!C9-1) -> 0.9424778 | B56: =(DesignSheet!C11*DesignSheet!C13)*COS((A56+DesignSheet!C16)) + (DesignSheet!C7)*COS((DesignSheet!C11+1)*(A56+DesignSheet!C16)) - (DesignSheet!C6/2)*COS(ATAN( SIN(DesignSheet!C11*(A56+DesignSheet!C16)) / ( COS(DesignSheet!C11*(A56+DesignSheet!C16)) + (DesignSheet!C11*DesignSheet!C13)/(DesignSheet!C7*(DesignSheet!C11+1)) ) )+(A56+DesignSheet!C16)) -> 0.57405908 | C56: =(DesignSheet!C11*DesignSheet!C13)*SIN((A56+DesignSheet!C16)) + (DesignSheet!C7)*SIN((DesignSheet!C11+1)*(A56+DesignSheet!C16)) - (DesignSheet!C6/2)*SIN(ATAN( SIN(DesignSheet!C11*(A56+DesignSheet!C16)) / ( COS(DesignSheet!C11*(A56+DesignSheet!C16)) + (DesignSheet!C11*DesignSheet!C13)/(DesignSheet!C7*(DesignSheet!C11+1)) ) )+(A56+DesignSheet!C16)) -> -0.48265533
A57: =2*PI()*55/(DesignSheet!C9-1) -> 0.95993109 | B57: =(DesignSheet!C11*DesignSheet!C13)*COS((A57+DesignSheet!C16)) + (DesignSheet!C7)*COS((DesignSheet!C11+1)*(A57+DesignSheet!C16)) - (DesignSheet!C6/2)*COS(ATAN( SIN(DesignSheet!C11*(A57+DesignSheet!C16)) / ( COS(DesignSheet!C11*(A57+DesignSheet!C16)) + (DesignSheet!C11*DesignSheet!C13)/(DesignSheet!C7*(DesignSheet!C11+1)) ) )+(A57+DesignSheet!C16)) -> 0.58239515 | C57: =(DesignSheet!C11*DesignSheet!C13)*SIN((A57+DesignSheet!C16)) + (DesignSheet!C7)*SIN((DesignSheet!C11+1)*(A57+DesignSheet!C16)) - (DesignSheet!C6/2)*SIN(ATAN( SIN(DesignSheet!C11*(A57+DesignSheet!C16)) / ( COS(DesignSheet!C11*(A57+DesignSheet!C16)) + (DesignSheet!C11*DesignSheet!C13)/(DesignSheet!C7*(DesignSheet!C11+1)) ) )+(A57+DesignSheet!C16)) -> -0.47256311
A58: =2*PI()*56/(DesignSheet!C9-1) -> 0.97738438 | B58: =(DesignSheet!C11*DesignSheet!C13)*COS((A58+DesignSheet!C16)) + (DesignSheet!C7)*COS((DesignSheet!C11+1)*(A58+DesignSheet!C16)) - (DesignSheet!C6/2)*COS(ATAN( SIN(DesignSheet!C11*(A58+DesignSheet!C16)) / ( COS(DesignSheet!C11*(A58+DesignSheet!C16)) + (DesignSheet!C11*DesignSheet!C13)/(DesignSheet!C7*(DesignSheet!C11+1)) ) )+(A58+DesignSheet!C16)) -> 0.59055381 | C58: =(DesignSheet!C11*DesignSheet!C13)*SIN((A58+DesignSheet!C16)) + (DesignSheet!C7)*SIN((DesignSheet!C11+1)*(A58+DesignSheet!C16)) - (DesignSheet!C6/2)*SIN(ATAN( SIN(DesignSheet!C11*(A58+DesignSheet!C16)) / ( COS(DesignSheet!C11*(A58+DesignSheet!C16)) + (DesignSheet!C11*DesignSheet!C13)/(DesignSheet!C7*(DesignSheet!C11+1)) ) )+(A58+DesignSheet!C16)) -> -0.46232694
A59: =2*PI()*57/(DesignSheet!C9-1) -> 0.99483767 | B59: =(DesignSheet!C11*DesignSheet!C13)*COS((A59+DesignSheet!C16)) + (DesignSheet!C7)*COS((DesignSheet!C11+1)*(A59+DesignSheet!C16)) - (DesignSheet!C6/2)*COS(ATAN( SIN(DesignSheet!C11*(A59+DesignSheet!C16)) / ( COS(DesignSheet!C11*(A59+DesignSheet!C16)) + (DesignSheet!C11*DesignSheet!C13)/(DesignSheet!C7*(DesignSheet!C11+1)) ) )+(A59+DesignSheet!C16)) -> 0.59853258 | C59: =(DesignSheet!C11*DesignSheet!C13)*SIN((A59+DesignSheet!C16)) + (DesignSheet!C7)*SIN((DesignSheet!C11+1)*(A59+DesignSheet!C16)) - (DesignSheet!C6/2)*SIN(ATAN( SIN(DesignSheet!C11*(A59+DesignSheet!C16)) / ( COS(DesignSheet!C11*(A59+DesignSheet!C16)) + (DesignSheet!C11*DesignSheet!C13)/(DesignSheet!C7*(DesignSheet!C11+1)) ) )+(A59+DesignSheet!C16)) -> -0.45194994
A60: =2*PI()*58/(DesignSheet!C9-1) -> 1.012291 | B60: =(DesignSheet!C11*DesignSheet!C13)*COS((A60+DesignSheet!C16)) + (DesignSheet!C7)*COS((DesignSheet!C11+1)*(A60+DesignSheet!C16)) - (DesignSheet!C6/2)*COS(ATAN( SIN(DesignSheet!C11*(A60+DesignSheet!C16)) / ( COS(DesignSheet!C11*(A60+DesignSheet!C16)) + (DesignSheet!C11*DesignSheet!C13)/(DesignSheet!C7*(DesignSheet!C11+1)) ) )+(A60+DesignSheet!C16)) -> 0.60632904 | C60: =(DesignSheet!C11*DesignSheet!C13)*SIN((A60+DesignSheet!C16)) + (DesignSheet!C7)*SIN((DesignSheet!C11+1)*(A60+DesignSheet!C16)) - (DesignSheet!C6/2)*SIN(ATAN( SIN(DesignSheet!C11*(A60+DesignSheet!C16)) / ( COS(DesignSheet!C11*(A60+DesignSheet!C16)) + (DesignSheet!C11*DesignSheet!C13)/(DesignSheet!C7*(DesignSheet!C11+1)) ) )+(A60+DesignSheet!C16)) -> -0.44143527
A61: =2*PI()*59/(DesignSheet!C9-1) -> 1.0297443 | B61: =(DesignSheet!C11*DesignSheet!C13)*COS((A61+DesignSheet!C16)) + (DesignSheet!C7)*COS((DesignSheet!C11+1)*(A61+DesignSheet!C16)) - (DesignSheet!C6/2)*COS(ATAN( SIN(DesignSheet!C11*(A61+DesignSheet!C16)) / ( COS(DesignSheet!C11*(A61+DesignSheet!C16)) + (DesignSheet!C11*DesignSheet!C13)/(DesignSheet!C7*(DesignSheet!C11+1)) ) )+(A61+DesignSheet!C16)) -> 0.6139408 | C61: =(DesignSheet!C11*DesignSheet!C13)*SIN((A61+DesignSheet!C16)) + (DesignSheet!C7)*SIN((DesignSheet!C11+1)*(A61+DesignSheet!C16)) - (DesignSheet!C6/2)*SIN(ATAN( SIN(DesignSheet!C11*(A61+DesignSheet!C16)) / ( COS(DesignSheet!C11*(A61+DesignSheet!C16)) + (DesignSheet!C11*DesignSheet!C13)/(DesignSheet!C7*(DesignSheet!C11+1)) ) )+(A61+DesignSheet!C16)) -> -0.43078614
A62: =2*PI()*60/(DesignSheet!C9-1) -> 1.0471976 | B62: =(DesignSheet!C11*DesignSheet!C13)*COS((A62+DesignSheet!C16)) + (DesignSheet!C7)*COS((DesignSheet!C11+1)*(A62+DesignSheet!C16)) - (DesignSheet!C6/2)*COS(ATAN( SIN(DesignSheet!C11*(A62+DesignSheet!C16)) / ( COS(DesignSheet!C11*(A62+DesignSheet!C16)) + (DesignSheet!C11*DesignSheet!C13)/(DesignSheet!C7*(DesignSheet!C11+1)) ) )+(A62+DesignSheet!C16)) -> 0.62136555 | C62: =(DesignSheet!C11*DesignSheet!C13)*SIN((A62+DesignSheet!C16)) + (DesignSheet!C7)*SIN((DesignSheet!C11+1)*(A62+DesignSheet!C16)) - (DesignSheet!C6/2)*SIN(ATAN( SIN(DesignSheet!C11*(A62+DesignSheet!C16)) / ( COS(DesignSheet!C11*(A62+DesignSheet!C16)) + (DesignSheet!C11*DesignSheet!C13)/(DesignSheet!C7*(DesignSheet!C11+1)) ) )+(A62+DesignSheet!C16)) -> -0.42000578
A63: =2*PI()*61/(DesignSheet!C9-1) -> 1.0646508 | B63: =(DesignSheet!C11*DesignSheet!C13)*COS((A63+DesignSheet!C16)) + (DesignSheet!C7)*COS((DesignSheet!C11+1)*(A63+DesignSheet!C16)) - (DesignSheet!C6/2)*COS(ATAN( SIN(DesignSheet!C11*(A63+DesignSheet!C16)) / ( COS(DesignSheet!C11*(A63+DesignSheet!C16)) + (DesignSheet!C11*DesignSheet!C13)/(DesignSheet!C7*(DesignSheet!C11+1)) ) )+(A63+DesignSheet!C16)) -> 0.62860102 | C63: =(DesignSheet!C11*DesignSheet!C13)*SIN((A63+DesignSheet!C16)) + (DesignSheet!C7)*SIN((DesignSheet!C11+1)*(A63+DesignSheet!C16)) - (DesignSheet!C6/2)*SIN(ATAN( SIN(DesignSheet!C11*(A63+DesignSheet!C16)) / ( COS(DesignSheet!C11*(A63+DesignSheet!C16)) + (DesignSheet!C11*DesignSheet!C13)/(DesignSheet!C7*(DesignSheet!C11+1)) ) )+(A63+DesignSheet!C16)) -> -0.40909749
A64: =2*PI()*62/(DesignSheet!C9-1) -> 1.0821041 | B64: =(DesignSheet!C11*DesignSheet!C13)*COS((A64+DesignSheet!C16)) + (DesignSheet!C7)*COS((DesignSheet!C11+1)*(A64+DesignSheet!C16)) - (DesignSheet!C6/2)*COS(ATAN( SIN(DesignSheet!C11*(A64+DesignSheet!C16)) / ( COS(DesignSheet!C11*(A64+DesignSheet!C16)) + (DesignSheet!C11*DesignSheet!C13)/(DesignSheet!C7*(DesignSheet!C11+1)) ) )+(A64+DesignSheet!C16)) -> 0.63564502 | C64: =(DesignSheet!C11*DesignSheet!C13)*SIN((A64+DesignSheet!C16)) + (DesignSheet!C7)*SIN((DesignSheet!C11+1)*(A64+DesignSheet!C16)) - (DesignSheet!C6/2)*SIN(ATAN( SIN(DesignSheet!C11*(A64+DesignSheet!C16)) / ( COS(DesignSheet!C11*(A64+DesignSheet!C16)) + (DesignSheet!C11*DesignSheet!C13)/(DesignSheet!C7*(DesignSheet!C11+1)) ) )+(A64+DesignSheet!C16)) -> -0.39806458
A65: =2*PI()*63/(DesignSheet!C9-1) -> 1.0995574 | B65: =(DesignSheet!C11*DesignSheet!C13)*COS((A65+DesignSheet!C16)) + (DesignSheet!C7)*COS((DesignSheet!C11+1)*(A65+DesignSheet!C16)) - (DesignSheet!C6/2)*COS(ATAN( SIN(DesignSheet!C11*(A65+DesignSheet!C16)) / ( COS(DesignSheet!C11*(A65+DesignSheet!C16)) + (DesignSheet!C11*DesignSheet!C13)/(DesignSheet!C7*(DesignSheet!C11+1)) ) )+(A65+DesignSheet!C16)) -> 0.64249539 | C65: =(DesignSheet!C11*DesignSheet!C13)*SIN((A65+DesignSheet!C16)) + (DesignSheet!C7)*SIN((DesignSheet!C11+1)*(A65+DesignSheet!C16)) - (DesignSheet!C6/2)*SIN(ATAN( SIN(DesignSheet!C11*(A65+DesignSheet!C16)) / ( COS(DesignSheet!C11*(A65+DesignSheet!C16)) + (DesignSheet!C11*DesignSheet!C13)/(DesignSheet!C7*(DesignSheet!C11+1)) ) )+(A65+DesignSheet!C16)) -> -0.38691042
A66: =2*PI()*64/(DesignSheet!C9-1) -> 1.1170107 | B66: =(DesignSheet!C11*DesignSheet!C13)*COS((A66+DesignSheet!C16)) + (DesignSheet!C7)*COS((DesignSheet!C11+1)*(A66+DesignSheet!C16)) - (DesignSheet!C6/2)*COS(ATAN( SIN(DesignSheet!C11*(A66+DesignSheet!C16)) / ( COS(DesignSheet!C11*(A66+DesignSheet!C16)) + (DesignSheet!C11*DesignSheet!C13)/(DesignSheet!C7*(DesignSheet!C11+1)) ) )+(A66+DesignSheet!C16)) -> 0.64915006 | C66: =(DesignSheet!C11*DesignSheet!C13)*SIN((A66+DesignSheet!C16)) + (DesignSheet!C7)*SIN((DesignSheet!C11+1)*(A66+DesignSheet!C16)) - (DesignSheet!C6/2)*SIN(ATAN( SIN(DesignSheet!C11*(A66+DesignSheet!C16)) / ( COS(DesignSheet!C11*(A66+DesignSheet!C16)) + (DesignSheet!C11*DesignSheet!C13)/(DesignSheet!C7*(DesignSheet!C11+1)) ) )+(A66+DesignSheet!C16)) -> -0.3756384
A67: =2*PI()*65/(DesignSheet!C9-1) -> 1.134464 | B67: =(DesignSheet!C11*DesignSheet!C13)*COS((A67+DesignSheet!C16)) + (DesignSheet!C7)*COS((DesignSheet!C11+1)*(A67+DesignSheet!C16)) - (DesignSheet!C6/2)*COS(ATAN( SIN(DesignSheet!C11*(A67+DesignSheet!C16)) / ( COS(DesignSheet!C11*(A67+DesignSheet!C16)) + (DesignSheet!C11*DesignSheet!C13)/(DesignSheet!C7*(DesignSheet!C11+1)) ) )+(A67+DesignSheet!C16)) -> 0.65560698 | C67: =(DesignSheet!C11*DesignSheet!C13)*SIN((A67+DesignSheet!C16)) + (DesignSheet!C7)*SIN((DesignSheet!C11+1)*(A67+DesignSheet!C16)) - (DesignSheet!C6/2)*SIN(ATAN( SIN(DesignSheet!C11*(A67+DesignSheet!C16)) / ( COS(DesignSheet!C11*(A67+DesignSheet!C16)) + (DesignSheet!C11*DesignSheet!C13)/(DesignSheet!C7*(DesignSheet!C11+1)) ) )+(A67+DesignSheet!C16)) -> -0.36425196
A68: =2*PI()*66/(DesignSheet!C9-1) -> 1.1519173 | B68: =(DesignSheet!C11*DesignSheet!C13)*COS((A68+DesignSheet!C16)) + (DesignSheet!C7)*COS((DesignSheet!C11+1)*(A68+DesignSheet!C16)) - (DesignSheet!C6/2)*COS(ATAN( SIN(DesignSheet!C11*(A68+DesignSheet!C16)) / ( COS(DesignSheet!C11*(A68+DesignSheet!C16)) + (DesignSheet!C11*DesignSheet!C13)/(DesignSheet!C7*(DesignSheet!C11+1)) ) )+(A68+DesignSheet!C16)) -> 0.6618642 | C68: =(DesignSheet!C11*DesignSheet!C13)*SIN((A68+DesignSheet!C16)) + (DesignSheet!C7)*SIN((DesignSheet!C11+1)*(A68+DesignSheet!C16)) - (DesignSheet!C6/2)*SIN(ATAN( SIN(DesignSheet!C11*(A68+DesignSheet!C16)) / ( COS(DesignSheet!C11*(A68+DesignSheet!C16)) + (DesignSheet!C11*DesignSheet!C13)/(DesignSheet!C7*(DesignSheet!C11+1)) ) )+(A68+DesignSheet!C16)) -> -0.35275456
A69: =2*PI()*67/(DesignSheet!C9-1) -> 1.1693706 | B69: =(DesignSheet!C11*DesignSheet!C13)*COS((A69+DesignSheet!C16)) + (DesignSheet!C7)*COS((DesignSheet!C11+1)*(A69+DesignSheet!C16)) - (DesignSheet!C6/2)*COS(ATAN( SIN(DesignSheet!C11*(A69+DesignSheet!C16)) / ( COS(DesignSheet!C11*(A69+DesignSheet!C16)) + (DesignSheet!C11*DesignSheet!C13)/(DesignSheet!C7*(DesignSheet!C11+1)) ) )+(A69+DesignSheet!C16)) -> 0.66791981 | C69: =(DesignSheet!C11*DesignSheet!C13)*SIN((A69+DesignSheet!C16)) + (DesignSheet!C7)*SIN((DesignSheet!C11+1)*(A69+DesignSheet!C16)) - (DesignSheet!C6/2)*SIN(ATAN( SIN(DesignSheet!C11*(A69+DesignSheet!C16)) / ( COS(DesignSheet!C11*(A69+DesignSheet!C16)) + (DesignSheet!C11*DesignSheet!C13)/(DesignSheet!C7*(DesignSheet!C11+1)) ) )+(A69+DesignSheet!C16)) -> -0.34114971
A70: =2*PI()*68/(DesignSheet!C9-1) -> 1.1868239 | B70: =(DesignSheet!C11*DesignSheet!C13)*COS((A70+DesignSheet!C16)) + (DesignSheet!C7)*COS((DesignSheet!C11+1)*(A70+DesignSheet!C16)) - (DesignSheet!C6/2)*COS(ATAN( SIN(DesignSheet!C11*(A70+DesignSheet!C16)) / ( COS(DesignSheet!C11*(A70+DesignSheet!C16)) + (DesignSheet!C11*DesignSheet!C13)/(DesignSheet!C7*(DesignSheet!C11+1)) ) )+(A70+DesignSheet!C16)) -> 0.67377197 | C70: =(DesignSheet!C11*DesignSheet!C13)*SIN((A70+DesignSheet!C16)) + (DesignSheet!C7)*SIN((DesignSheet!C11+1)*(A70+DesignSheet!C16)) - (DesignSheet!C6/2)*SIN(ATAN( SIN(DesignSheet!C11*(A70+DesignSheet!C16)) / ( COS(DesignSheet!C11*(A70+DesignSheet!C16)) + (DesignSheet!C11*DesignSheet!C13)/(DesignSheet!C7*(DesignSheet!C11+1)) ) )+(A70+DesignSheet!C16)) -> -0.32944094
A71: =2*PI()*69/(DesignSheet!C9-1) -> 1.2042772 | B71: =(DesignSheet!C11*DesignSheet!C13)*COS((A71+DesignSheet!C16)) + (DesignSheet!C7)*COS((DesignSheet!C11+1)*(A71+DesignSheet!C16)) - (DesignSheet!C6/2)*COS(ATAN( SIN(DesignSheet!C11*(A71+DesignSheet!C16)) / ( COS(DesignSheet!C11*(A71+DesignSheet!C16)) + (DesignSheet!C11*DesignSheet!C13)/(DesignSheet!C7*(DesignSheet!C11+1)) ) )+(A71+DesignSheet!C16)) -> 0.67941889 | C71: =(DesignSheet!C11*DesignSheet!C13)*SIN((A71+DesignSheet!C16)) + (DesignSheet!C7)*SIN((DesignSheet!C11+1)*(A71+DesignSheet!C16)) - (DesignSheet!C6/2)*SIN(ATAN( SIN(DesignSheet!C11*(A71+DesignSheet!C16)) / ( COS(DesignSheet!C11*(A71+DesignSheet!C16)) + (DesignSheet!C11*DesignSheet!C13)/(DesignSheet!C7*(DesignSheet!C11+1)) ) )+(A71+DesignSheet!C16)) -> -0.31763182
A72: =2*PI()*70/(DesignSheet!C9-1) -> 1.2217305 | B72: =(DesignSheet!C11*DesignSheet!C13)*COS((A72+DesignSheet!C16)) + (DesignSheet!C7)*COS((DesignSheet!C11+1)*(A72+DesignSheet!C16)) - (DesignSheet!C6/2)*COS(ATAN( SIN(DesignSheet!C11*(A72+DesignSheet!C16)) / ( COS(DesignSheet!C11*(A72+DesignSheet!C16)) + (DesignSheet!C11*DesignSheet!C13)/(DesignSheet!C7*(DesignSheet!C11+1)) ) )+(A72+DesignSheet!C16)) -> 0.68485885 | C72: =(DesignSheet!C11*DesignSheet!C13)*SIN((A72+DesignSheet!C16)) + (DesignSheet!C7)*SIN((DesignSheet!C11+1)*(A72+DesignSheet!C16)) - (DesignSheet!C6/2)*SIN(ATAN( SIN(DesignSheet!C11*(A72+DesignSheet!C16)) / ( COS(DesignSheet!C11*(A72+DesignSheet!C16)) + (DesignSheet!C11*DesignSheet!C13)/(DesignSheet!C7*(DesignSheet!C11+1)) ) )+(A72+DesignSheet!C16)) -> -0.30572595
A73: =2*PI()*71/(DesignSheet!C9-1) -> 1.2391838 | B73: =(DesignSheet!C11*DesignSheet!C13)*COS((A73+DesignSheet!C16)) + (DesignSheet!C7)*COS((DesignSheet!C11+1)*(A73+DesignSheet!C16)) - (DesignSheet!C6/2)*COS(ATAN( SIN(DesignSheet!C11*(A73+DesignSheet!C16)) / ( COS(DesignSheet!C11*(A73+DesignSheet!C16)) + (DesignSheet!C11*DesignSheet!C13)/(DesignSheet!C7*(DesignSheet!C11+1)) ) )+(A73+DesignSheet!C16)) -> 0.69009019 | C73: =(DesignSheet!C11*DesignSheet!C13)*SIN((A73+DesignSheet!C16)) + (DesignSheet!C7)*SIN((DesignSheet!C11+1)*(A73+DesignSheet!C16)) - (DesignSheet!C6/2)*SIN(ATAN( SIN(DesignSheet!C11*(A73+DesignSheet!C16)) / ( COS(DesignSheet!C11*(A73+DesignSheet!C16)) + (DesignSheet!C11*DesignSheet!C13)/(DesignSheet!C7*(DesignSheet!C11+1)) ) )+(A73+DesignSheet!C16)) -> -0.29372696
A74: =2*PI()*72/(DesignSheet!C9-1) -> 1.2566371 | B74: =(DesignSheet!C11*DesignSheet!C13)*COS((A74+DesignSheet!C16)) + (DesignSheet!C7)*COS((DesignSheet!C11+1)*(A74+DesignSheet!C16)) - (DesignSheet!C6/2)*COS(ATAN( SIN(DesignSheet!C11*(A74+DesignSheet!C16)) / ( COS(DesignSheet!C11*(A74+DesignSheet!C16)) + (DesignSheet!C11*DesignSheet!C13)/(DesignSheet!C7*(DesignSheet!C11+1)) ) )+(A74+DesignSheet!C16)) -> 0.69511133 | C74: =(DesignSheet!C11*DesignSheet!C13)*SIN((A74+DesignSheet!C16)) + (DesignSheet!C7)*SIN((DesignSheet!C11+1)*(A74+DesignSheet!C16)) - (DesignSheet!C6/2)*SIN(ATAN( SIN(DesignSheet!C11*(A74+DesignSheet!C16)) / ( COS(DesignSheet!C11*(A74+DesignSheet!C16)) + (DesignSheet!C11*DesignSheet!C13)/(DesignSheet!C7*(DesignSheet!C11+1)) ) )+(A74+DesignSheet!C16)) -> -0.28163848
A75: =2*PI()*73/(DesignSheet!C9-1) -> 1.2740904 | B75: =(DesignSheet!C11*DesignSheet!C13)*COS((A75+DesignSheet!C16)) + (DesignSheet!C7)*COS((DesignSheet!C11+1)*(A75+DesignSheet!C16)) - (DesignSheet!C6/2)*COS(ATAN( SIN(DesignSheet!C11*(A75+DesignSheet!C16)) / ( COS(DesignSheet!C11*(A75+DesignSheet!C16)) + (DesignSheet!C11*DesignSheet!C13)/(DesignSheet!C7*(DesignSheet!C11+1)) ) )+(A75+DesignSheet!C16)) -> 0.69992073 | C75: =(DesignSheet!C11*DesignSheet!C13)*SIN((A75+DesignSheet!C16)) + (DesignSheet!C7)*SIN((DesignSheet!C11+1)*(A75+DesignSheet!C16)) - (DesignSheet!C6/2)*SIN(ATAN( SIN(DesignSheet!C11*(A75+DesignSheet!C16)) / ( COS(DesignSheet!C11*(A75+DesignSheet!C16)) + (DesignSheet!C11*DesignSheet!C13)/(DesignSheet!C7*(DesignSheet!C11+1)) ) )+(A75+DesignSheet!C16)) -> -0.26946422
A76: =2*PI()*74/(DesignSheet!C9-1) -> 1.2915436 | B76: =(DesignSheet!C11*DesignSheet!C13)*COS((A76+DesignSheet!C16)) + (DesignSheet!C7)*COS((DesignSheet!C11+1)*(A76+DesignSheet!C16)) - (DesignSheet!C6/2)*COS(ATAN( SIN(DesignSheet!C11*(A76+DesignSheet!C16)) / ( COS(DesignSheet!C11*(A76+DesignSheet!C16)) + (DesignSheet!C11*DesignSheet!C13)/(DesignSheet!C7*(DesignSheet!C11+1)) ) )+(A76+DesignSheet!C16)) -> 0.70451693 | C76: =(DesignSheet!C11*DesignSheet!C13)*SIN((A76+DesignSheet!C16)) + (DesignSheet!C7)*SIN((DesignSheet!C11+1)*(A76+DesignSheet!C16)) - (DesignSheet!C6/2)*SIN(ATAN( SIN(DesignSheet!C11*(A76+DesignSheet!C16)) / ( COS(DesignSheet!C11*(A76+DesignSheet!C16)) + (DesignSheet!C11*DesignSheet!C13)/(DesignSheet!C7*(DesignSheet!C11+1)) ) )+(A76+DesignSheet!C16)) -> -0.25720788
A77: =2*PI()*75/(DesignSheet!C9-1) -> 1.3089969 | B77: =(DesignSheet!C11*DesignSheet!C13)*COS((A77+DesignSheet!C16)) + (DesignSheet!C7)*COS((DesignSheet!C11+1)*(A77+DesignSheet!C16)) - (DesignSheet!C6/2)*COS(ATAN( SIN(DesignSheet!C11*(A77+DesignSheet!C16)) / ( COS(DesignSheet!C11*(A77+DesignSheet!C16)) + (DesignSheet!C11*DesignSheet!C13)/(DesignSheet!C7*(DesignSheet!C11+1)) ) )+(A77+DesignSheet!C16)) -> 0.70889853 | C77: =(DesignSheet!C11*DesignSheet!C13)*SIN((A77+DesignSheet!C16)) + (DesignSheet!C7)*SIN((DesignSheet!C11+1)*(A77+DesignSheet!C16)) - (DesignSheet!C6/2)*SIN(ATAN( SIN(DesignSheet!C11*(A77+DesignSheet!C16)) / ( COS(DesignSheet!C11*(A77+DesignSheet!C16)) + (DesignSheet!C11*DesignSheet!C13)/(DesignSheet!C7*(DesignSheet!C11+1)) ) )+(A77+DesignSheet!C16)) -> -0.24487319
A78: =2*PI()*76/(DesignSheet!C9-1) -> 1.3264502 | B78: =(DesignSheet!C11*DesignSheet!C13)*COS((A78+DesignSheet!C16)) + (DesignSheet!C7)*COS((DesignSheet!C11+1)*(A78+DesignSheet!C16)) - (DesignSheet!C6/2)*COS(ATAN( SIN(DesignSheet!C11*(A78+DesignSheet!C16)) / ( COS(DesignSheet!C11*(A78+DesignSheet!C16)) + (DesignSheet!C11*DesignSheet!C13)/(DesignSheet!C7*(DesignSheet!C11+1)) ) )+(A78+DesignSheet!C16)) -> 0.71306418 | C78: =(DesignSheet!C11*DesignSheet!C13)*SIN((A78+DesignSheet!C16)) + (DesignSheet!C7)*SIN((DesignSheet!C11+1)*(A78+DesignSheet!C16)) - (DesignSheet!C6/2)*SIN(ATAN( SIN(DesignSheet!C11*(A78+DesignSheet!C16)) / ( COS(DesignSheet!C11*(A78+DesignSheet!C16)) + (DesignSheet!C11*DesignSheet!C13)/(DesignSheet!C7*(DesignSheet!C11+1)) ) )+(A78+DesignSheet!C16)) -> -0.23246391
A79: =2*PI()*77/(DesignSheet!C9-1) -> 1.3439035 | B79: =(DesignSheet!C11*DesignSheet!C13)*COS((A79+DesignSheet!C16)) + (DesignSheet!C7)*COS((DesignSheet!C11+1)*(A79+DesignSheet!C16)) - (DesignSheet!C6/2)*COS(ATAN( SIN(DesignSheet!C11*(A79+DesignSheet!C16)) / ( COS(DesignSheet!C11*(A79+DesignSheet!C16)) + (DesignSheet!C11*DesignSheet!C13)/(DesignSheet!C7*(DesignSheet!C11+1)) ) )+(A79+DesignSheet!C16)) -> 0.71701263 | C79: =(DesignSheet!C11*DesignSheet!C13)*SIN((A79+DesignSheet!C16)) + (DesignSheet!C7)*SIN((DesignSheet!C11+1)*(A79+DesignSheet!C16)) - (DesignSheet!C6/2)*SIN(ATAN( SIN(DesignSheet!C11*(A79+DesignSheet!C16)) / ( COS(DesignSheet!C11*(A79+DesignSheet!C16)) + (DesignSheet!C11*DesignSheet!C13)/(DesignSheet!C7*(DesignSheet!C11+1)) ) )+(A79+DesignSheet!C16)) -> -0.21998382
A80: =2*PI()*78/(DesignSheet!C9-1) -> 1.3613568 | B80: =(DesignSheet!C11*DesignSheet!C13)*COS((A80+DesignSheet!C16)) + (DesignSheet!C7)*COS((DesignSheet!C11+1)*(A80+DesignSheet!C16)) - (DesignSheet!C6/2)*COS(ATAN( SIN(DesignSheet!C11*(A80+DesignSheet!C16)) / ( COS(DesignSheet!C11*(A80+DesignSheet!C16)) + (DesignSheet!C11*DesignSheet!C13)/(DesignSheet!C7*(DesignSheet!C11+1)) ) )+(A80+DesignSheet!C16)) -> 0.72074268 | C80: =(DesignSheet!C11*DesignSheet!C13)*SIN((A80+DesignSheet!C16)) + (DesignSheet!C7)*SIN((DesignSheet!C11+1)*(A80+DesignSheet!C16)) - (DesignSheet!C6/2)*SIN(ATAN( SIN(DesignSheet!C11*(A80+DesignSheet!C16)) / ( COS(DesignSheet!C11*(A80+DesignSheet!C16)) + (DesignSheet!C11*DesignSheet!C13)/(DesignSheet!C7*(DesignSheet!C11+1)) ) )+(A80+DesignSheet!C16)) -> -0.20743672
A81: =2*PI()*79/(DesignSheet!C9-1) -> 1.3788101 | B81: =(DesignSheet!C11*DesignSheet!C13)*COS((A81+DesignSheet!C16)) + (DesignSheet!C7)*COS((DesignSheet!C11+1)*(A81+DesignSheet!C16)) - (DesignSheet!C6/2)*COS(ATAN( SIN(DesignSheet!C11*(A81+DesignSheet!C16)) / ( COS(DesignSheet!C11*(A81+DesignSheet!C16)) + (DesignSheet!C11*DesignSheet!C13)/(DesignSheet!C7*(DesignSheet!C11+1)) ) )+(A81+DesignSheet!C16)) -> 0.72425317 | C81: =(DesignSheet!C11*DesignSheet!C13)*SIN((A81+DesignSheet!C16)) + (DesignSheet!C7)*SIN((DesignSheet!C11+1)*(A81+DesignSheet!C16)) - (DesignSheet!C6/2)*SIN(ATAN( SIN(DesignSheet!C11*(A81+DesignSheet!C16)) / ( COS(DesignSheet!C11*(A81+DesignSheet!C16)) + (DesignSheet!C11*DesignSheet!C13)/(DesignSheet!C7*(DesignSheet!C11+1)) ) )+(A81+DesignSheet!C16)) -> -0.19482643
A82: =2*PI()*80/(DesignSheet!C9-1) -> 1.3962634 | B82: =(DesignSheet!C11*DesignSheet!C13)*COS((A82+DesignSheet!C16)) + (DesignSheet!C7)*COS((DesignSheet!C11+1)*(A82+DesignSheet!C16)) - (DesignSheet!C6/2)*COS(ATAN( SIN(DesignSheet!C11*(A82+DesignSheet!C16)) / ( COS(DesignSheet!C11*(A82+DesignSheet!C16)) + (DesignSheet!C11*DesignSheet!C13)/(DesignSheet!C7*(DesignSheet!C11+1)) ) )+(A82+DesignSheet!C16)) -> 0.72754306 | C82: =(DesignSheet!C11*DesignSheet!C13)*SIN((A82+DesignSheet!C16)) + (DesignSheet!C7)*SIN((DesignSheet!C11+1)*(A82+DesignSheet!C16)) - (DesignSheet!C6/2)*SIN(ATAN( SIN(DesignSheet!C11*(A82+DesignSheet!C16)) / ( COS(DesignSheet!C11*(A82+DesignSheet!C16)) + (DesignSheet!C11*DesignSheet!C13)/(DesignSheet!C7*(DesignSheet!C11+1)) ) )+(A82+DesignSheet!C16)) -> -0.1821568
A83: =2*PI()*81/(DesignSheet!C9-1) -> 1.4137167 | B83: =(DesignSheet!C11*DesignSheet!C13)*COS((A83+DesignSheet!C16)) + (DesignSheet!C7)*COS((DesignSheet!C11+1)*(A83+DesignSheet!C16)) - (DesignSheet!C6/2)*COS(ATAN( SIN(DesignSheet!C11*(A83+DesignSheet!C16)) / ( COS(DesignSheet!C11*(A83+DesignSheet!C16)) + (DesignSheet!C11*DesignSheet!C13)/(DesignSheet!C7*(DesignSheet!C11+1)) ) )+(A83+DesignSheet!C16)) -> 0.73061132 | C83: =(DesignSheet!C11*DesignSheet!C13)*SIN((A83+DesignSheet!C16)) + (DesignSheet!C7)*SIN((DesignSheet!C11+1)*(A83+DesignSheet!C16)) - (DesignSheet!C6/2)*SIN(ATAN( SIN(DesignSheet!C11*(A83+DesignSheet!C16)) / ( COS(DesignSheet!C11*(A83+DesignSheet!C16)) + (DesignSheet!C11*DesignSheet!C13)/(DesignSheet!C7*(DesignSheet!C11+1)) ) )+(A83+DesignSheet!C16)) -> -0.16943168
A84: =2*PI()*82/(DesignSheet!C9-1) -> 1.43117 | B84: =(DesignSheet!C11*DesignSheet!C13)*COS((A84+DesignSheet!C16)) + (DesignSheet!C7)*COS((DesignSheet!C11+1)*(A84+DesignSheet!C16)) - (DesignSheet!C6/2)*COS(ATAN( SIN(DesignSheet!C11*(A84+DesignSheet!C16)) / ( COS(DesignSheet!C11*(A84+DesignSheet!C16)) + (DesignSheet!C11*DesignSheet!C13)/(DesignSheet!C7*(DesignSheet!C11+1)) ) )+(A84+DesignSheet!C16)) -> 0.73345704 | C84: =(DesignSheet!C11*DesignSheet!C13)*SIN((A84+DesignSheet!C16)) + (DesignSheet!C7)*SIN((DesignSheet!C11+1)*(A84+DesignSheet!C16)) - (DesignSheet!C6/2)*SIN(ATAN( SIN(DesignSheet!C11*(A84+DesignSheet!C16)) / ( COS(DesignSheet!C11*(A84+DesignSheet!C16)) + (DesignSheet!C11*DesignSheet!C13)/(DesignSheet!C7*(DesignSheet!C11+1)) ) )+(A84+DesignSheet!C16)) -> -0.15665495
A85: =2*PI()*83/(DesignSheet!C9-1) -> 1.4486233 | B85: =(DesignSheet!C11*DesignSheet!C13)*COS((A85+DesignSheet!C16)) + (DesignSheet!C7)*COS((DesignSheet!C11+1)*(A85+DesignSheet!C16)) - (DesignSheet!C6/2)*COS(ATAN( SIN(DesignSheet!C11*(A85+DesignSheet!C16)) / ( COS(DesignSheet!C11*(A85+DesignSheet!C16)) + (DesignSheet!C11*DesignSheet!C13)/(DesignSheet!C7*(DesignSheet!C11+1)) ) )+(A85+DesignSheet!C16)) -> 0.73607934 | C85: =(DesignSheet!C11*DesignSheet!C13)*SIN((A85+DesignSheet!C16)) + (DesignSheet!C7)*SIN((DesignSheet!C11+1)*(A85+DesignSheet!C16)) - (DesignSheet!C6/2)*SIN(ATAN( SIN(DesignSheet!C11*(A85+DesignSheet!C16)) / ( COS(DesignSheet!C11*(A85+DesignSheet!C16)) + (DesignSheet!C11*DesignSheet!C13)/(DesignSheet!C7*(DesignSheet!C11+1)) ) )+(A85+DesignSheet!C16)) -> -0.1438305
A86: =2*PI()*84/(DesignSheet!C9-1) -> 1.4660766 | B86: =(DesignSheet!C11*DesignSheet!C13)*COS((A86+DesignSheet!C16)) + (DesignSheet!C7)*COS((DesignSheet!C11+1)*(A86+DesignSheet!C16)) - (DesignSheet!C6/2)*COS(ATAN( SIN(DesignSheet!C11*(A86+DesignSheet!C16)) / ( COS(DesignSheet!C11*(A86+DesignSheet!C16)) + (DesignSheet!C11*DesignSheet!C13)/(DesignSheet!C7*(DesignSheet!C11+1)) ) )+(A86+DesignSheet!C16)) -> 0.73847742 | C86: =(DesignSheet!C11*DesignSheet!C13)*SIN((A86+DesignSheet!C16)) + (DesignSheet!C7)*SIN((DesignSheet!C11+1)*(A86+DesignSheet!C16)) - (DesignSheet!C6/2)*SIN(ATAN( SIN(DesignSheet!C11*(A86+DesignSheet!C16)) / ( COS(DesignSheet!C11*(A86+DesignSheet!C16)) + (DesignSheet!C11*DesignSheet!C13)/(DesignSheet!C7*(DesignSheet!C11+1)) ) )+(A86+DesignSheet!C16)) -> -0.13096224
A87: =2*PI()*85/(DesignSheet!C9-1) -> 1.4835299 | B87: =(DesignSheet!C11*DesignSheet!C13)*COS((A87+DesignSheet!C16)) + (DesignSheet!C7)*COS((DesignSheet!C11+1)*(A87+DesignSheet!C16)) - (DesignSheet!C6/2)*COS(ATAN( SIN(DesignSheet!C11*(A87+DesignSheet!C16)) / ( COS(DesignSheet!C11*(A87+DesignSheet!C16)) + (DesignSheet!C11*DesignSheet!C13)/(DesignSheet!C7*(DesignSheet!C11+1)) ) )+(A87+DesignSheet!C16)) -> 0.74065055 | C87: =(DesignSheet!C11*DesignSheet!C13)*SIN((A87+DesignSheet!C16)) + (DesignSheet!C7)*SIN((DesignSheet!C11+1)*(A87+DesignSheet!C16)) - (DesignSheet!C6/2)*SIN(ATAN( SIN(DesignSheet!C11*(A87+DesignSheet!C16)) / ( COS(DesignSheet!C11*(A87+DesignSheet!C16)) + (DesignSheet!C11*DesignSheet!C13)/(DesignSheet!C7*(DesignSheet!C11+1)) ) )+(A87+DesignSheet!C16)) -> -0.11805408
A88: =2*PI()*86/(DesignSheet!C9-1) -> 1.5009832 | B88: =(DesignSheet!C11*DesignSheet!C13)*COS((A88+DesignSheet!C16)) + (DesignSheet!C7)*COS((DesignSheet!C11+1)*(A88+DesignSheet!C16)) - (DesignSheet!C6/2)*COS(ATAN( SIN(DesignSheet!C11*(A88+DesignSheet!C16)) / ( COS(DesignSheet!C11*(A88+DesignSheet!C16)) + (DesignSheet!C11*DesignSheet!C13)/(DesignSheet!C7*(DesignSheet!C11+1)) ) )+(A88+DesignSheet!C16)) -> 0.74259807 | C88: =(DesignSheet!C11*DesignSheet!C13)*SIN((A88+DesignSheet!C16)) + (DesignSheet!C7)*SIN((DesignSheet!C11+1)*(A88+DesignSheet!C16)) - (DesignSheet!C6/2)*SIN(ATAN( SIN(DesignSheet!C11*(A88+DesignSheet!C16)) / ( COS(DesignSheet!C11*(A88+DesignSheet!C16)) + (DesignSheet!C11*DesignSheet!C13)/(DesignSheet!C7*(DesignSheet!C11+1)) ) )+(A88+DesignSheet!C16)) -> -0.10510997
A89: =2*PI()*87/(DesignSheet!C9-1) -> 1.5184364 | B89: =(DesignSheet!C11*DesignSheet!C13)*COS((A89+DesignSheet!C16)) + (DesignSheet!C7)*COS((DesignSheet!C11+1)*(A89+DesignSheet!C16)) - (DesignSheet!C6/2)*COS(ATAN( SIN(DesignSheet!C11*(A89+DesignSheet!C16)) / ( COS(DesignSheet!C11*(A89+DesignSheet!C16)) + (DesignSheet!C11*DesignSheet!C13)/(DesignSheet!C7*(DesignSheet!C11+1)) ) )+(A89+DesignSheet!C16)) -> 0.74431939 | C89: =(DesignSheet!C11*DesignSheet!C13)*SIN((A89+DesignSheet!C16)) + (DesignSheet!C7)*SIN((DesignSheet!C11+1)*(A89+DesignSheet!C16)) - (DesignSheet!C6/2)*SIN(ATAN( SIN(DesignSheet!C11*(A89+DesignSheet!C16)) / ( COS(DesignSheet!C11*(A89+DesignSheet!C16)) + (DesignSheet!C11*DesignSheet!C13)/(DesignSheet!C7*(DesignSheet!C11+1)) ) )+(A89+DesignSheet!C16)) -> -0.092133835
A90: =2*PI()*88/(DesignSheet!C9-1) -> 1.5358897 | B90: =(DesignSheet!C11*DesignSheet!C13)*COS((A90+DesignSheet!C16)) + (DesignSheet!C7)*COS((DesignSheet!C11+1)*(A90+DesignSheet!C16)) - (DesignSheet!C6/2)*COS(ATAN( SIN(DesignSheet!C11*(A90+DesignSheet!C16)) / ( COS(DesignSheet!C11*(A90+DesignSheet!C16)) + (DesignSheet!C11*DesignSheet!C13)/(DesignSheet!C7*(DesignSheet!C11+1)) ) )+(A90+DesignSheet!C16)) -> 0.74581399 | C90: =(DesignSheet!C11*DesignSheet!C13)*SIN((A90+DesignSheet!C16)) + (DesignSheet!C7)*SIN((DesignSheet!C11+1)*(A90+DesignSheet!C16)) - (DesignSheet!C6/2)*SIN(ATAN( SIN(DesignSheet!C11*(A90+DesignSheet!C16)) / ( COS(DesignSheet!C11*(A90+DesignSheet!C16)) + (DesignSheet!C11*DesignSheet!C13)/(DesignSheet!C7*(DesignSheet!C11+1)) ) )+(A90+DesignSheet!C16)) -> -0.079129638
A91: =2*PI()*89/(DesignSheet!C9-1) -> 1.553343 | B91: =(DesignSheet!C11*DesignSheet!C13)*COS((A91+DesignSheet!C16)) + (DesignSheet!C7)*COS((DesignSheet!C11+1)*(A91+DesignSheet!C16)) - (DesignSheet!C6/2)*COS(ATAN( SIN(DesignSheet!C11*(A91+DesignSheet!C16)) / ( COS(DesignSheet!C11*(A91+DesignSheet!C16)) + (DesignSheet!C11*DesignSheet!C13)/(DesignSheet!C7*(DesignSheet!C11+1)) ) )+(A91+DesignSheet!C16)) -> 0.7470814 | C91: =(DesignSheet!C11*DesignSheet!C13)*SIN((A91+DesignSheet!C16)) + (DesignSheet!C7)*SIN((DesignSheet!C11+1)*(A91+DesignSheet!C16)) - (DesignSheet!C6/2)*SIN(ATAN( SIN(DesignSheet!C11*(A91+DesignSheet!C16)) / ( COS(DesignSheet!C11*(A91+DesignSheet!C16)) + (DesignSheet!C11*DesignSheet!C13)/(DesignSheet!C7*(DesignSheet!C11+1)) ) )+(A91+DesignSheet!C16)) -> -0.066101337
A92: =2*PI()*90/(DesignSheet!C9-1) -> 1.5707963 | B92: =(DesignSheet!C11*DesignSheet!C13)*COS((A92+DesignSheet!C16)) + (DesignSheet!C7)*COS((DesignSheet!C11+1)*(A92+DesignSheet!C16)) - (DesignSheet!C6/2)*COS(ATAN( SIN(DesignSheet!C11*(A92+DesignSheet!C16)) / ( COS(DesignSheet!C11*(A92+DesignSheet!C16)) + (DesignSheet!C11*DesignSheet!C13)/(DesignSheet!C7*(DesignSheet!C11+1)) ) )+(A92+DesignSheet!C16)) -> 0.74812124 | C92: =(DesignSheet!C11*DesignSheet!C13)*SIN((A92+DesignSheet!C16)) + (DesignSheet!C7)*SIN((DesignSheet!C11+1)*(A92+DesignSheet!C16)) - (DesignSheet!C6/2)*SIN(ATAN( SIN(DesignSheet!C11*(A92+DesignSheet!C16)) / ( COS(DesignSheet!C11*(A92+DesignSheet!C16)) + (DesignSheet!C11*DesignSheet!C13)/(DesignSheet!C7*(DesignSheet!C11+1)) ) )+(A92+DesignSheet!C16)) -> -0.053052901
A93: =2*PI()*91/(DesignSheet!C9-1) -> 1.5882496 | B93: =(DesignSheet!C11*DesignSheet!C13)*COS((A93+DesignSheet!C16)) + (DesignSheet!C7)*COS((DesignSheet!C11+1)*(A93+DesignSheet!C16)) - (DesignSheet!C6/2)*COS(ATAN( SIN(DesignSheet!C11*(A93+DesignSheet!C16)) / ( COS(DesignSheet!C11*(A93+DesignSheet!C16)) + (DesignSheet!C11*DesignSheet!C13)/(DesignSheet!C7*(DesignSheet!C11+1)) ) )+(A93+DesignSheet!C16)) -> 0.7489332 | C93: =(DesignSheet!C11*DesignSheet!C13)*SIN((A93+DesignSheet!C16)) + (DesignSheet!C7)*SIN((DesignSheet!C11+1)*(A93+DesignSheet!C16)) - (DesignSheet!C6/2)*SIN(ATAN( SIN(DesignSheet!C11*(A93+DesignSheet!C16)) / ( COS(DesignSheet!C11*(A93+DesignSheet!C16)) + (DesignSheet!C11*DesignSheet!C13)/(DesignSheet!C7*(DesignSheet!C11+1)) ) )+(A93+DesignSheet!C16)) -> -0.039988305
A94: =2*PI()*92/(DesignSheet!C9-1) -> 1.6057029 | B94: =(DesignSheet!C11*DesignSheet!C13)*COS((A94+DesignSheet!C16)) + (DesignSheet!C7)*COS((DesignSheet!C11+1)*(A94+DesignSheet!C16)) - (DesignSheet!C6/2)*COS(ATAN( SIN(DesignSheet!C11*(A94+DesignSheet!C16)) / ( COS(DesignSheet!C11*(A94+DesignSheet!C16)) + (DesignSheet!C11*DesignSheet!C13)/(DesignSheet!C7*(DesignSheet!C11+1)) ) )+(A94+DesignSheet!C16)) -> 0.74951702 | C94: =(DesignSheet!C11*DesignSheet!C13)*SIN((A94+DesignSheet!C16)) + (DesignSheet!C7)*SIN((DesignSheet!C11+1)*(A94+DesignSheet!C16)) - (DesignSheet!C6/2)*SIN(ATAN( SIN(DesignSheet!C11*(A94+DesignSheet!C16)) / ( COS(DesignSheet!C11*(A94+DesignSheet!C16)) + (DesignSheet!C11*DesignSheet!C13)/(DesignSheet!C7*(DesignSheet!C11+1)) ) )+(A94+DesignSheet!C16)) -> -0.026911528
A95: =2*PI()*93/(DesignSheet!C9-1) -> 1.6231562 | B95: =(DesignSheet!C11*DesignSheet!C13)*COS((A95+DesignSheet!C16)) + (DesignSheet!C7)*COS((DesignSheet!C11+1)*(A95+DesignSheet!C16)) - (DesignSheet!C6/2)*COS(ATAN( SIN(DesignSheet!C11*(A95+DesignSheet!C16)) / ( COS(DesignSheet!C11*(A95+DesignSheet!C16)) + (DesignSheet!C11*DesignSheet!C13)/(DesignSheet!C7*(DesignSheet!C11+1)) ) )+(A95+DesignSheet!C16)) -> 0.74987254 | C95: =(DesignSheet!C11*DesignSheet!C13)*SIN((A95+DesignSheet!C16)) + (DesignSheet!C7)*SIN((DesignSheet!C11+1)*(A95+DesignSheet!C16)) - (DesignSheet!C6/2)*SIN(ATAN( SIN(DesignSheet!C11*(A95+DesignSheet!C16)) / ( COS(DesignSheet!C11*(A95+DesignSheet!C16)) + (DesignSheet!C11*DesignSheet!C13)/(DesignSheet!C7*(DesignSheet!C11+1)) ) )+(A95+DesignSheet!C16)) -> -0.013826554
A96: =2*PI()*94/(DesignSheet!C9-1) -> 1.6406095 | B96: =(DesignSheet!C11*DesignSheet!C13)*COS((A96+DesignSheet!C16)) + (DesignSheet!C7)*COS((DesignSheet!C11+1)*(A96+DesignSheet!C16)) - (DesignSheet!C6/2)*COS(ATAN( SIN(DesignSheet!C11*(A96+DesignSheet!C16)) / ( COS(DesignSheet!C11*(A96+DesignSheet!C16)) + (DesignSheet!C11*DesignSheet!C13)/(DesignSheet!C7*(DesignSheet!C11+1)) ) )+(A96+DesignSheet!C16)) -> 0.74999964 | C96: =(DesignSheet!C11*DesignSheet!C13)*SIN((A96+DesignSheet!C16)) + (DesignSheet!C7)*SIN((DesignSheet!C11+1)*(A96+DesignSheet!C16)) - (DesignSheet!C6/2)*SIN(ATAN( SIN(DesignSheet!C11*(A96+DesignSheet!C16)) / ( COS(DesignSheet!C11*(A96+DesignSheet!C16)) + (DesignSheet!C11*DesignSheet!C13)/(DesignSheet!C7*(DesignSheet!C11+1)) ) )+(A96+DesignSheet!C16)) -> -0.00073736742
A97: =2*PI()*95/(DesignSheet!C9-1) -> 1.6580628 | B97: =(DesignSheet!C11*DesignSheet!C13)*COS((A97+DesignSheet!C16)) + (DesignSheet!C7)*COS((DesignSheet!C11+1)*(A97+DesignSheet!C16)) - (DesignSheet!C6/2)*COS(ATAN( SIN(DesignSheet!C11*(A97+DesignSheet!C16)) / ( COS(DesignSheet!C11*(A97+DesignSheet!C16)) + (DesignSheet!C11*DesignSheet!C13)/(DesignSheet!C7*(DesignSheet!C11+1)) ) )+(A97+DesignSheet!C16)) -> 0.74989828 | C97: =(DesignSheet!C11*DesignSheet!C13)*SIN((A97+DesignSheet!C16)) + (DesignSheet!C7)*SIN((DesignSheet!C11+1)*(A97+DesignSheet!C16)) - (DesignSheet!C6/2)*SIN(ATAN( SIN(DesignSheet!C11*(A97+DesignSheet!C16)) / ( COS(DesignSheet!C11*(A97+DesignSheet!C16)) + (DesignSheet!C11*DesignSheet!C13)/(DesignSheet!C7*(DesignSheet!C11+1)) ) )+(A97+DesignSheet!C16)) -> 0.012352043
A98: =2*PI()*96/(DesignSheet!C9-1) -> 1.6755161 | B98: =(DesignSheet!C11*DesignSheet!C13)*COS((A98+DesignSheet!C16)) + (DesignSheet!C7)*COS((DesignSheet!C11+1)*(A98+DesignSheet!C16)) - (DesignSheet!C6/2)*COS(ATAN( SIN(DesignSheet!C11*(A98+DesignSheet!C16)) / ( COS(DesignSheet!C11*(A98+DesignSheet!C16)) + (DesignSheet!C11*DesignSheet!C13)/(DesignSheet!C7*(DesignSheet!C11+1)) ) )+(A98+DesignSheet!C16)) -> 0.74956849 | C98: =(DesignSheet!C11*DesignSheet!C13)*SIN((A98+DesignSheet!C16)) + (DesignSheet!C7)*SIN((DesignSheet!C11+1)*(A98+DesignSheet!C16)) - (DesignSheet!C6/2)*SIN(ATAN( SIN(DesignSheet!C11*(A98+DesignSheet!C16)) / ( COS(DesignSheet!C11*(A98+DesignSheet!C16)) + (DesignSheet!C11*DesignSheet!C13)/(DesignSheet!C7*(DesignSheet!C11+1)) ) )+(A98+DesignSheet!C16)) -> 0.025437692
A99: =2*PI()*97/(DesignSheet!C9-1) -> 1.6929694 | B99: =(DesignSheet!C11*DesignSheet!C13)*COS((A99+DesignSheet!C16)) + (DesignSheet!C7)*COS((DesignSheet!C11+1)*(A99+DesignSheet!C16)) - (DesignSheet!C6/2)*COS(ATAN( SIN(DesignSheet!C11*(A99+DesignSheet!C16)) / ( COS(DesignSheet!C11*(A99+DesignSheet!C16)) + (DesignSheet!C11*DesignSheet!C13)/(DesignSheet!C7*(DesignSheet!C11+1)) ) )+(A99+DesignSheet!C16)) -> 0.74901038 | C99: =(DesignSheet!C11*DesignSheet!C13)*SIN((A99+DesignSheet!C16)) + (DesignSheet!C7)*SIN((DesignSheet!C11+1)*(A99+DesignSheet!C16)) - (DesignSheet!C6/2)*SIN(ATAN( SIN(DesignSheet!C11*(A99+DesignSheet!C16)) / ( COS(DesignSheet!C11*(A99+DesignSheet!C16)) + (DesignSheet!C11*DesignSheet!C13)/(DesignSheet!C7*(DesignSheet!C11+1)) ) )+(A99+DesignSheet!C16)) -> 0.038515591
A100: =2*PI()*98/(DesignSheet!C9-1) -> 1.7104227 | B100: =(DesignSheet!C11*DesignSheet!C13)*COS((A100+DesignSheet!C16)) + (DesignSheet!C7)*COS((DesignSheet!C11+1)*(A100+DesignSheet!C16)) - (DesignSheet!C6/2)*COS(ATAN( SIN(DesignSheet!C11*(A100+DesignSheet!C16)) / ( COS(DesignSheet!C11*(A100+DesignSheet!C16)) + (DesignSheet!C11*DesignSheet!C13)/(DesignSheet!C7*(DesignSheet!C11+1)) ) )+(A100+DesignSheet!C16)) -> 0.74822411 | C100: =(DesignSheet!C11*DesignSheet!C13)*SIN((A100+DesignSheet!C16)) + (DesignSheet!C7)*SIN((DesignSheet!C11+1)*(A100+DesignSheet!C16)) - (DesignSheet!C6/2)*SIN(ATAN( SIN(DesignSheet!C11*(A100+DesignSheet!C16)) / ( COS(DesignSheet!C11*(A100+DesignSheet!C16)) + (DesignSheet!C11*DesignSheet!C13)/(DesignSheet!C7*(DesignSheet!C11+1)) ) )+(A100+DesignSheet!C16)) -> 0.051581759
...
